"","subid","uuid","gender","trial_no","condition","test_trial","date_completed","age_in_weeks","exp_start","trial_duration","trial_start","trial_end","trial_start_video","trial_end_video","noun_image","noun_image_position","verb_image","verb_image_position","trial_audio"
"1","36641","723a01eb-c6e5-4e38-9249-830dfade56a1","m",9,"noun","76-test-trial-event-9","2021-03-06",1560,2021-08-06 01:37:59,8.013,2021-08-06 01:42:35,2021-08-06 01:42:43,275556.999921799,283557.999849319,"dax_noun","left","dax_verb","right","dax"
"2","36641","723a01eb-c6e5-4e38-9249-830dfade56a1","m",10,"noun","83-test-trial-event-10","2021-03-06",1560,2021-08-06 01:37:59,8.019,2021-08-06 01:43:04,2021-08-06 01:43:12,304388.000011444,312389.999866486,"vash_noun","right","vash_verb","left","vash"
"3","36641","723a01eb-c6e5-4e38-9249-830dfade56a1","m",11,"noun","91-test-trial-event-11","2021-03-06",1560,2021-08-06 01:37:59,8.009,2021-08-06 01:43:38,2021-08-06 01:43:46,339055.999994278,347056.999921799,"smick_noun","right","smick_verb","left","smick"
"4","36641","723a01eb-c6e5-4e38-9249-830dfade56a1","m",12,"noun","98-test-trial-event-12","2021-03-06",1560,2021-08-06 01:37:59,8.017,2021-08-06 01:44:07,2021-08-06 01:44:15,367700.000047684,375704.999923706,"nup_noun","left","nup_verb","right","nup"
"5","36652","e9df56cc-a829-46b5-a992-1112ac0d8cf1","f",9,"noun","76-test-trial-event-9","2021-03-06",1650,2021-08-06 13:02:03,8.006,2021-08-06 13:06:36,2021-08-06 13:06:44,272585.000038147,280585.999965668,"nup_noun","left","nup_verb","right","nup"
"6","36652","e9df56cc-a829-46b5-a992-1112ac0d8cf1","f",10,"noun","83-test-trial-event-10","2021-03-06",1650,2021-08-06 13:02:03,8.006,2021-08-06 13:07:04,2021-08-06 13:07:12,301008.999824524,309009.999990463,"smick_noun","left","smick_verb","right","smick"
"7","36652","e9df56cc-a829-46b5-a992-1112ac0d8cf1","f",11,"noun","91-test-trial-event-11","2021-03-06",1650,2021-08-06 13:02:03,8.007,2021-08-06 13:07:39,2021-08-06 13:07:47,335181.999921799,343181.999921799,"dax_noun","right","dax_verb","left","dax"
"8","36652","e9df56cc-a829-46b5-a992-1112ac0d8cf1","f",12,"noun","98-test-trial-event-12","2021-03-06",1650,2021-08-06 13:02:03,8.007,2021-08-06 13:08:07,2021-08-06 13:08:15,363592.99993515,371593.999862671,"vash_noun","left","vash_verb","right","vash"
"9","36660","87beb4ae-7da0-444b-827a-0f83660e78b1","f",9,"verb","76-test-trial-event-9","2021-03-06",1920,2021-08-06 13:44:29,8.015,2021-08-06 13:49:08,2021-08-06 13:49:16,278634.999990463,286638.000011444,"vash_noun","left","vash_verb","right","vash"
"10","36660","87beb4ae-7da0-444b-827a-0f83660e78b1","f",10,"verb","83-test-trial-event-10","2021-03-06",1920,2021-08-06 13:44:29,8.054,2021-08-06 13:49:36,2021-08-06 13:49:44,307526.000022888,315529.99997139,"nup_noun","right","nup_verb","left","nup"
"11","36660","87beb4ae-7da0-444b-827a-0f83660e78b1","f",11,"verb","91-test-trial-event-11","2021-03-06",1920,2021-08-06 13:44:29,8.023,2021-08-06 13:50:11,2021-08-06 13:50:19,342287.999868393,350290.999889374,"dax_noun","right","dax_verb","left","dax"
"12","36660","87beb4ae-7da0-444b-827a-0f83660e78b1","f",12,"verb","98-test-trial-event-12","2021-03-06",1920,2021-08-06 13:44:29,8.015,2021-08-06 13:50:40,2021-08-06 13:50:48,371066.999912262,379069.000005722,"smick_noun","left","smick_verb","right","smick"
"13","36701","ee6ab617-6193-448f-aca4-43e679dbf1bc","m",9,"verb","76-test-trial-event-9","2021-03-06",1410,2021-08-06 16:02:26,8.007,2021-08-06 16:07:04,2021-08-06 16:07:12,278139.000177383,286140.000104904,"smick_noun","right","smick_verb","left","smick"
"14","36701","ee6ab617-6193-448f-aca4-43e679dbf1bc","m",10,"verb","83-test-trial-event-10","2021-03-06",1410,2021-08-06 16:02:26,8.013,2021-08-06 16:07:33,2021-08-06 16:07:41,307191.00022316,315192.000150681,"vash_noun","right","vash_verb","left","vash"
"15","36701","ee6ab617-6193-448f-aca4-43e679dbf1bc","m",11,"verb","91-test-trial-event-11","2021-03-06",1410,2021-08-06 16:02:26,8.011,2021-08-06 16:08:08,2021-08-06 16:08:16,342184.000015259,350185.000181198,"nup_noun","left","nup_verb","right","nup"
"16","36701","ee6ab617-6193-448f-aca4-43e679dbf1bc","m",12,"verb","98-test-trial-event-12","2021-03-06",1410,2021-08-06 16:02:26,8.008,2021-08-06 16:08:37,2021-08-06 16:08:45,370877.00009346,378877.00009346,"dax_noun","left","dax_verb","right","dax"
"17","36742","9bc8cf36-dc54-4da7-90ee-5faa445d7571","f",9,"verb","76-test-trial-event-9","2021-03-06",1740,2021-08-06 19:17:19,8.034,2021-08-06 19:22:00,2021-08-06 19:22:08,280985.999822617,288991.999864578,"smick_noun","left","smick_verb","right","smick"
"18","36742","9bc8cf36-dc54-4da7-90ee-5faa445d7571","f",10,"verb","83-test-trial-event-10","2021-03-06",1740,2021-08-06 19:17:19,8.027,2021-08-06 19:22:29,2021-08-06 19:22:37,310322.000026703,318325.999975204,"nup_noun","left","nup_verb","right","nup"
"19","36742","9bc8cf36-dc54-4da7-90ee-5faa445d7571","f",11,"verb","91-test-trial-event-11","2021-03-06",1740,2021-08-06 19:17:19,8.032,2021-08-06 19:23:04,2021-08-06 19:23:12,345868.000030518,353873.999834061,"vash_noun","right","vash_verb","left","vash"
"20","36742","9bc8cf36-dc54-4da7-90ee-5faa445d7571","f",12,"verb","98-test-trial-event-12","2021-03-06",1740,2021-08-06 19:17:19,8.037,2021-08-06 19:23:34,2021-08-06 19:23:42,374953.999996185,382962.999820709,"dax_noun","right","dax_verb","left","dax"
"21","36746","18c63556-a0f9-4d87-93d7-bcf94c1c09e3","m",9,"noun","76-test-trial-event-9","2021-03-06",1860,2021-08-06 19:45:35,8.012,2021-08-06 19:50:13,2021-08-06 19:50:21,278187.99996376,286190.00005722,"vash_noun","right","vash_verb","left","vash"
"22","36746","18c63556-a0f9-4d87-93d7-bcf94c1c09e3","m",10,"noun","83-test-trial-event-10","2021-03-06",1860,2021-08-06 19:45:35,8.011,2021-08-06 19:50:42,2021-08-06 19:50:50,307045.000076294,315047.000169754,"dax_noun","left","dax_verb","right","dax"
"23","36746","18c63556-a0f9-4d87-93d7-bcf94c1c09e3","m",11,"noun","91-test-trial-event-11","2021-03-06",1860,2021-08-06 19:45:35,8.01,2021-08-06 19:51:17,2021-08-06 19:51:25,342101.999998093,350104.000091553,"nup_noun","right","nup_verb","left","nup"
"24","36746","18c63556-a0f9-4d87-93d7-bcf94c1c09e3","m",12,"noun","98-test-trial-event-12","2021-03-06",1860,2021-08-06 19:45:35,8.013,2021-08-06 19:51:46,2021-08-06 19:51:54,370877.00009346,378879.00018692,"smick_noun","right","smick_verb","left","smick"
"25","36757","9c991fe5-5af8-4be9-83ed-c37c038dae84","f",9,"verb","76-test-trial-event-9","2021-03-06",1710,2021-08-06 20:28:40,8.01,2021-08-06 20:33:15,2021-08-06 20:33:23,274643.999814987,282646.999835968,"vash_noun","left","vash_verb","right","vash"
"26","36757","9c991fe5-5af8-4be9-83ed-c37c038dae84","f",10,"verb","83-test-trial-event-10","2021-03-06",1710,2021-08-06 20:28:40,8.008,2021-08-06 20:33:44,2021-08-06 20:33:52,303760.999917984,311762.999773026,"nup_noun","left","nup_verb","right","nup"
"27","36757","9c991fe5-5af8-4be9-83ed-c37c038dae84","f",11,"verb","91-test-trial-event-11","2021-03-06",1710,2021-08-06 20:28:40,8.008,2021-08-06 20:34:19,2021-08-06 20:34:27,338282.999992371,346283.999919891,"smick_noun","left","smick_verb","right","smick"
"28","36757","9c991fe5-5af8-4be9-83ed-c37c038dae84","f",12,"verb","98-test-trial-event-12","2021-03-06",1710,2021-08-06 20:28:40,8.007,2021-08-06 20:34:47,2021-08-06 20:34:55,366830.999851227,374831.999778748,"dax_noun","right","dax_verb","left","dax"
"29","36805","26b27209-5731-4d9c-a90a-7658357fba36","f",9,"noun","76-test-trial-event-9","2021-03-07",1950,2021-08-07 00:45:28,8.012,2021-08-07 00:50:06,2021-08-07 00:50:14,277092.99993515,285096.999883652,"smick_noun","left","smick_verb","right","smick"
"30","36805","26b27209-5731-4d9c-a90a-7658357fba36","f",10,"noun","83-test-trial-event-10","2021-03-07",1950,2021-08-07 00:45:28,8.009,2021-08-07 00:50:35,2021-08-07 00:50:43,306250,314251.999855042,"dax_noun","right","dax_verb","left","dax"
"31","36805","26b27209-5731-4d9c-a90a-7658357fba36","f",11,"noun","91-test-trial-event-11","2021-03-07",1950,2021-08-07 00:45:28,8.012,2021-08-07 00:51:10,2021-08-07 00:51:18,341205.999851227,349208.999872208,"nup_noun","left","nup_verb","right","nup"
"32","36805","26b27209-5731-4d9c-a90a-7658357fba36","f",12,"noun","98-test-trial-event-12","2021-03-07",1950,2021-08-07 00:45:28,8.012,2021-08-07 00:51:38,2021-08-07 00:51:46,369864.000082016,377868.000030518,"vash_noun","left","vash_verb","right","vash"
"33","37924","0300ae7e-51df-4ee4-a9a5-0dd423d33c4d","f",9,"noun","76-test-trial-event-9","2021-03-13",1350,2021-08-13 13:06:27,8.021,2021-08-13 13:11:05,2021-08-13 13:11:13,278578.999996185,286579.999923706,"dax_noun","left","dax_verb","right","dax"
"34","37924","0300ae7e-51df-4ee4-a9a5-0dd423d33c4d","f",10,"noun","83-test-trial-event-10","2021-03-13",1350,2021-08-13 13:06:27,8.017,2021-08-13 13:11:34,2021-08-13 13:11:42,307779.99997139,315782.999992371,"vash_noun","right","vash_verb","left","vash"
"35","37924","0300ae7e-51df-4ee4-a9a5-0dd423d33c4d","f",11,"noun","91-test-trial-event-11","2021-03-13",1350,2021-08-13 13:06:27,8.009,2021-08-13 13:12:09,2021-08-13 13:12:17,342694.999933243,350696.999788284,"smick_noun","right","smick_verb","left","smick"
"36","37924","0300ae7e-51df-4ee4-a9a5-0dd423d33c4d","f",12,"noun","98-test-trial-event-12","2021-03-13",1350,2021-08-13 13:06:27,8.009,2021-08-13 13:12:38,2021-08-13 13:12:46,371494.999885559,379495.99981308,"nup_noun","left","nup_verb","right","nup"
"37","38646","91cd6bce-fddb-4c76-8692-6d627026a5f4","f",9,"noun","76-test-trial-event-9","2021-03-18",1230,2021-08-18 12:23:42,8.009,2021-08-18 12:28:19,2021-08-18 12:28:27,277704.999923706,285706.000089645,"nup_noun","left","nup_verb","right","nup"
"38","38646","91cd6bce-fddb-4c76-8692-6d627026a5f4","f",10,"noun","83-test-trial-event-10","2021-03-18",1230,2021-08-18 12:23:42,8.012,2021-08-18 12:28:52,2021-08-18 12:29:00,310111.000061035,318112.999916077,"smick_noun","left","smick_verb","right","smick"
"39","38646","91cd6bce-fddb-4c76-8692-6d627026a5f4","f",11,"noun","91-test-trial-event-11","2021-03-18",1230,2021-08-18 12:23:42,8.01,2021-08-18 12:29:27,2021-08-18 12:29:35,345414.000034332,353414.999961853,"dax_noun","right","dax_verb","left","dax"
"40","38646","91cd6bce-fddb-4c76-8692-6d627026a5f4","f",12,"noun","98-test-trial-event-12","2021-03-18",1230,2021-08-18 12:23:42,8.009,2021-08-18 12:29:56,2021-08-18 12:30:04,374272.000074387,382273.000001907,"vash_noun","right","vash_verb","left","vash"
"41","38661","7b8fcb1e-9ebb-4fb1-91f4-9d75c87e10ab","f",9,"baseline","76-test-trial-event-9","2021-03-18",1560,2021-08-18 13:28:39,8.035,2021-08-18 13:33:16,2021-08-18 13:33:24,276910.000085831,284914.999961853,"nup_noun","left","nup_verb","right","nup"
"42","38661","7b8fcb1e-9ebb-4fb1-91f4-9d75c87e10ab","f",10,"baseline","83-test-trial-event-10","2021-03-18",1560,2021-08-18 13:28:39,8.02,2021-08-18 13:33:46,2021-08-18 13:33:54,306216.000080109,314217.000007629,"vash_noun","left","vash_verb","right","vash"
"43","38661","7b8fcb1e-9ebb-4fb1-91f4-9d75c87e10ab","f",11,"baseline","91-test-trial-event-11","2021-03-18",1560,2021-08-18 13:28:39,8.019,2021-08-18 13:34:20,2021-08-18 13:34:28,341103.000164032,349105.999946594,"smick_noun","left","smick_verb","right","smick"
"44","38661","7b8fcb1e-9ebb-4fb1-91f4-9d75c87e10ab","f",12,"baseline","98-test-trial-event-12","2021-03-18",1560,2021-08-18 13:28:39,8.025,2021-08-18 13:34:49,2021-08-18 13:34:57,370101.999998093,378104.000091553,"dax_noun","right","dax_verb","left","dax"
"45","38669","71babcd8-a30d-4dc2-af71-55d900cf75c6","m",9,"noun","76-test-trial-event-9","2021-03-18",1530,2021-08-18 14:26:01,8.026,2021-08-18 14:30:49,2021-08-18 14:30:57,287675.999879837,295680.000066757,"nup_noun","right","nup_verb","left","nup"
"46","38669","71babcd8-a30d-4dc2-af71-55d900cf75c6","m",10,"noun","83-test-trial-event-10","2021-03-18",1530,2021-08-18 14:26:01,8.026,2021-08-18 14:31:18,2021-08-18 14:31:26,317319.999933243,325322.000026703,"dax_noun","left","dax_verb","right","dax"
"47","38669","71babcd8-a30d-4dc2-af71-55d900cf75c6","m",11,"noun","91-test-trial-event-11","2021-03-18",1530,2021-08-18 14:26:01,8.026,2021-08-18 14:31:54,2021-08-18 14:32:02,353345.00002861,361348.000049591,"smick_noun","right","smick_verb","left","smick"
"48","38669","71babcd8-a30d-4dc2-af71-55d900cf75c6","m",12,"noun","98-test-trial-event-12","2021-03-18",1530,2021-08-18 14:26:01,8.032,2021-08-18 14:32:24,2021-08-18 14:32:32,382674.000024796,390677.000045776,"vash_noun","left","vash_verb","right","vash"
"49","38755","98c28ad4-adb8-4bd0-b789-615a835bce1e","m",9,"baseline","76-test-trial-event-9","2021-03-18",1590,2021-08-18 19:17:10,8.016,2021-08-18 19:21:50,2021-08-18 19:21:58,280117.000102997,288119.000196457,"nup_noun","right","nup_verb","left","nup"
"50","38755","98c28ad4-adb8-4bd0-b789-615a835bce1e","m",10,"baseline","83-test-trial-event-10","2021-03-18",1590,2021-08-18 19:17:10,8.012,2021-08-18 19:22:19,2021-08-18 19:22:27,309471.00019455,317471.00019455,"vash_noun","left","vash_verb","right","vash"
"51","38755","98c28ad4-adb8-4bd0-b789-615a835bce1e","m",11,"baseline","91-test-trial-event-11","2021-03-18",1590,2021-08-18 19:17:10,8.023,2021-08-18 19:22:54,2021-08-18 19:23:02,344708.000183105,352715.000152588,"dax_noun","left","dax_verb","right","dax"
"52","38755","98c28ad4-adb8-4bd0-b789-615a835bce1e","m",12,"baseline","98-test-trial-event-12","2021-03-18",1590,2021-08-18 19:17:10,8.012,2021-08-18 19:23:23,2021-08-18 19:23:31,373805.000066757,381807.000160217,"smick_noun","right","smick_verb","left","smick"
"53","38765","cf0631be-f61a-4310-b4fb-aca3a788658b","m",9,"baseline","76-test-trial-event-9","2021-03-18",1710,2021-08-18 20:04:03,8.016,2021-08-18 20:08:38,2021-08-18 20:08:46,274881.999969482,282882.999897003,"dax_noun","left","dax_verb","right","dax"
"54","38765","cf0631be-f61a-4310-b4fb-aca3a788658b","m",10,"baseline","83-test-trial-event-10","2021-03-18",1710,2021-08-18 20:04:03,8.011,2021-08-18 20:09:07,2021-08-18 20:09:15,303631.999969482,311633.999824524,"smick_noun","right","smick_verb","left","smick"
"55","38765","cf0631be-f61a-4310-b4fb-aca3a788658b","m",11,"baseline","91-test-trial-event-11","2021-03-18",1710,2021-08-18 20:04:03,8.01,2021-08-18 20:09:41,2021-08-18 20:09:49,338276.000022888,346276.999950409,"vash_noun","right","vash_verb","left","vash"
"56","38765","cf0631be-f61a-4310-b4fb-aca3a788658b","m",12,"baseline","98-test-trial-event-12","2021-03-18",1710,2021-08-18 20:04:03,8.014,2021-08-18 20:10:10,2021-08-18 20:10:18,366879.999876022,374881.000041962,"nup_noun","right","nup_verb","left","nup"
"57","38773","ce564717-3aac-4262-ab60-fd9f061a82ba","f",9,"noun","76-test-trial-event-9","2021-03-18",1800,2021-08-18 21:18:55,8.013,2021-08-18 21:23:31,2021-08-18 21:23:39,275865.000009537,283867.000102997,"smick_noun","right","smick_verb","left","smick"
"58","38773","ce564717-3aac-4262-ab60-fd9f061a82ba","f",10,"noun","83-test-trial-event-10","2021-03-18",1800,2021-08-18 21:18:55,8.017,2021-08-18 21:23:59,2021-08-18 21:24:07,304613.000154495,312615.000009537,"dax_noun","left","dax_verb","right","dax"
"59","38773","ce564717-3aac-4262-ab60-fd9f061a82ba","f",11,"noun","91-test-trial-event-11","2021-03-18",1800,2021-08-18 21:18:55,8.02,2021-08-18 21:24:34,2021-08-18 21:24:42,339345.00002861,347346.00019455,"nup_noun","left","nup_verb","right","nup"
"60","38773","ce564717-3aac-4262-ab60-fd9f061a82ba","f",12,"noun","98-test-trial-event-12","2021-03-18",1800,2021-08-18 21:18:55,8.015,2021-08-18 21:25:03,2021-08-18 21:25:11,368028.000116348,376030.000209808,"vash_noun","left","vash_verb","right","vash"
"61","38804","ce2d3fb1-8250-4b3c-a6a3-84a0a811f815","f",9,"noun","76-test-trial-event-9","2021-03-19",1710,2021-08-19 00:04:41,8.013,2021-08-19 00:09:19,2021-08-19 00:09:27,277664.999961853,285668.999910355,"smick_noun","right","smick_verb","left","smick"
"62","38804","ce2d3fb1-8250-4b3c-a6a3-84a0a811f815","f",10,"noun","83-test-trial-event-10","2021-03-19",1710,2021-08-19 00:04:41,8.013,2021-08-19 00:09:48,2021-08-19 00:09:56,306444.999933243,314447.000026703,"vash_noun","right","vash_verb","left","vash"
"63","38804","ce2d3fb1-8250-4b3c-a6a3-84a0a811f815","f",11,"noun","91-test-trial-event-11","2021-03-19",1710,2021-08-19 00:04:41,8.017,2021-08-19 00:10:23,2021-08-19 00:10:31,341677.000045776,349685.9998703,"dax_noun","left","dax_verb","right","dax"
"64","38804","ce2d3fb1-8250-4b3c-a6a3-84a0a811f815","f",12,"noun","98-test-trial-event-12","2021-03-19",1710,2021-08-19 00:04:41,8.013,2021-08-19 00:10:52,2021-08-19 00:11:00,370698.999881744,378700.999975204,"nup_noun","right","nup_verb","left","nup"
"65","38808","1703e183-5aae-41c4-abe3-19650f394d4c","f",9,"baseline","76-test-trial-event-9","2021-03-19",2160,2021-08-19 00:33:48,8.016,2021-08-19 00:38:36,2021-08-19 00:38:44,288203.999996185,296206.000089645,"nup_noun","right","nup_verb","left","nup"
"66","38808","1703e183-5aae-41c4-abe3-19650f394d4c","f",10,"baseline","83-test-trial-event-10","2021-03-19",2160,2021-08-19 00:33:48,8.019,2021-08-19 00:39:06,2021-08-19 00:39:14,317721.00019455,325723.000049591,"dax_noun","left","dax_verb","right","dax"
"67","38808","1703e183-5aae-41c4-abe3-19650f394d4c","f",11,"baseline","91-test-trial-event-11","2021-03-19",2160,2021-08-19 00:33:48,8.018,2021-08-19 00:39:42,2021-08-19 00:39:50,353436.000108719,361437.99996376,"smick_noun","left","smick_verb","right","smick"
"68","38808","1703e183-5aae-41c4-abe3-19650f394d4c","f",12,"baseline","98-test-trial-event-12","2021-03-19",2160,2021-08-19 00:33:48,8.02,2021-08-19 00:40:11,2021-08-19 00:40:19,382584.000110626,390587.000131607,"vash_noun","left","vash_verb","right","vash"
"69","38810","41683570-2e98-4a3f-a339-a84723b536a5","f",9,"noun","76-test-trial-event-9","2021-03-19",1200,2021-08-19 00:51:38,8.054,2021-08-19 00:56:19,2021-08-19 00:56:27,281680.000066757,289684.000015259,"dax_noun","left","dax_verb","right","dax"
"70","38810","41683570-2e98-4a3f-a339-a84723b536a5","f",10,"noun","83-test-trial-event-10","2021-03-19",1200,2021-08-19 00:51:38,8.026,2021-08-19 00:56:48,2021-08-19 00:56:56,310767.999887466,318769.999980927,"nup_noun","left","nup_verb","right","nup"
"71","38810","41683570-2e98-4a3f-a339-a84723b536a5","f",11,"noun","91-test-trial-event-11","2021-03-19",1200,2021-08-19 00:51:38,8.015,2021-08-19 00:57:26,2021-08-19 00:57:34,348013.999938965,356016.000032425,"vash_noun","right","vash_verb","left","vash"
"72","38810","41683570-2e98-4a3f-a339-a84723b536a5","f",12,"noun","98-test-trial-event-12","2021-03-19",1200,2021-08-19 00:51:38,8.068,2021-08-19 00:57:55,2021-08-19 00:58:03,377273.000001907,385276.000022888,"smick_noun","left","smick_verb","right","smick"
"73","38832","853eb58a-1f1d-4842-9e62-84ecad60c6a3","m",9,"noun","76-test-trial-event-9","2021-03-19",1110,2021-08-19 11:27:47,8.018,2021-08-19 11:32:22,2021-08-19 11:32:30,275516.000032425,283519.999980927,"vash_noun","left","vash_verb","right","vash"
"74","38832","853eb58a-1f1d-4842-9e62-84ecad60c6a3","m",10,"noun","83-test-trial-event-10","2021-03-19",1110,2021-08-19 11:27:47,8.016,2021-08-19 11:32:51,2021-08-19 11:32:59,304282.00006485,312284.00015831,"dax_noun","left","dax_verb","right","dax"
"75","38832","853eb58a-1f1d-4842-9e62-84ecad60c6a3","m",11,"noun","91-test-trial-event-11","2021-03-19",1110,2021-08-19 11:27:47,8.016,2021-08-19 11:33:26,2021-08-19 11:33:34,338967.000007629,346968.000173569,"nup_noun","left","nup_verb","right","nup"
"76","38832","853eb58a-1f1d-4842-9e62-84ecad60c6a3","m",12,"noun","98-test-trial-event-12","2021-03-19",1110,2021-08-19 11:27:47,8.02,2021-08-19 11:33:54,2021-08-19 11:34:02,367586.000204086,375588.000059128,"smick_noun","right","smick_verb","left","smick"
"77","38842","4744a52c-e33c-4c62-a0e0-c6540d305a38","m",9,"verb","76-test-trial-event-9","2021-03-19",1380,2021-08-19 13:19:29,8.033,2021-08-19 13:24:12,2021-08-19 13:24:20,283050.000190735,291054.000139236,"dax_noun","right","dax_verb","left","dax"
"78","38842","4744a52c-e33c-4c62-a0e0-c6540d305a38","m",10,"verb","83-test-trial-event-10","2021-03-19",1380,2021-08-19 13:19:29,8.027,2021-08-19 13:24:41,2021-08-19 13:24:49,312630.000114441,320632.000207901,"vash_noun","right","vash_verb","left","vash"
"79","38842","4744a52c-e33c-4c62-a0e0-c6540d305a38","m",11,"verb","91-test-trial-event-11","2021-03-19",1380,2021-08-19 13:19:29,8.035,2021-08-19 13:25:17,2021-08-19 13:25:26,348683.000087738,356692.000150681,"nup_noun","left","nup_verb","right","nup"
"80","38842","4744a52c-e33c-4c62-a0e0-c6540d305a38","m",12,"verb","98-test-trial-event-12","2021-03-19",1380,2021-08-19 13:19:29,8.025,2021-08-19 13:25:47,2021-08-19 13:25:55,377940.00005722,385943.000078201,"smick_noun","right","smick_verb","left","smick"
"81","38844","f3fa1f34-1524-4020-995e-ba49ee6cbd91","m",9,"verb","76-test-trial-event-9","2021-03-19",1920,2021-08-19 13:30:04,8.022,2021-08-19 13:34:46,2021-08-19 13:34:54,282338.999986649,290341.000080109,"nup_noun","left","nup_verb","right","nup"
"82","38844","f3fa1f34-1524-4020-995e-ba49ee6cbd91","m",10,"verb","83-test-trial-event-10","2021-03-19",1920,2021-08-19 13:30:04,8.018,2021-08-19 13:35:15,2021-08-19 13:35:23,311586.999893188,319589.999914169,"dax_noun","right","dax_verb","left","dax"
"83","38844","f3fa1f34-1524-4020-995e-ba49ee6cbd91","m",11,"verb","91-test-trial-event-11","2021-03-19",1920,2021-08-19 13:30:04,8.03,2021-08-19 13:35:51,2021-08-19 13:35:59,347187.00003624,355188.999891281,"smick_noun","right","smick_verb","left","smick"
"84","38844","f3fa1f34-1524-4020-995e-ba49ee6cbd91","m",12,"verb","98-test-trial-event-12","2021-03-19",1920,2021-08-19 13:30:04,8.032,2021-08-19 13:36:20,2021-08-19 13:36:28,376572.999954224,384575.000047684,"vash_noun","right","vash_verb","left","vash"
"85","38864","57bb351b-d4c7-4c3e-9524-942f5aa414dc","f",9,"verb","76-test-trial-event-9","2021-03-19",1470,2021-08-19 15:23:08,8.008,2021-08-19 15:27:44,2021-08-19 15:27:52,275387.000083923,283391.000032425,"nup_noun","right","nup_verb","left","nup"
"86","38864","57bb351b-d4c7-4c3e-9524-942f5aa414dc","f",10,"verb","83-test-trial-event-10","2021-03-19",1470,2021-08-19 15:23:08,8.008,2021-08-19 15:28:13,2021-08-19 15:28:21,304161.000013351,312161.999940872,"dax_noun","right","dax_verb","left","dax"
"87","38864","57bb351b-d4c7-4c3e-9524-942f5aa414dc","f",11,"verb","91-test-trial-event-11","2021-03-19",1470,2021-08-19 15:23:08,8.007,2021-08-19 15:28:47,2021-08-19 15:28:55,338819.000005722,346821.000099182,"vash_noun","left","vash_verb","right","vash"
"88","38864","57bb351b-d4c7-4c3e-9524-942f5aa414dc","f",12,"verb","98-test-trial-event-12","2021-03-19",1470,2021-08-19 15:23:08,8.013,2021-08-19 15:29:16,2021-08-19 15:29:24,367486.999988556,375490.000009537,"smick_noun","right","smick_verb","left","smick"
"89","38934","83e6e02d-c0d4-4b5c-9e23-7695c0355256","m",9,"noun","76-test-trial-event-9","2021-03-19",1830,2021-08-19 18:46:35,8.038,2021-08-19 18:51:33,2021-08-19 18:51:41,298222.999811172,306225.999832153,"dax_noun","left","dax_verb","right","dax"
"90","38934","83e6e02d-c0d4-4b5c-9e23-7695c0355256","m",10,"noun","83-test-trial-event-10","2021-03-19",1830,2021-08-19 18:46:35,8.016,2021-08-19 18:52:03,2021-08-19 18:52:11,328375,336380.999803543,"nup_noun","left","nup_verb","right","nup"
"91","38934","83e6e02d-c0d4-4b5c-9e23-7695c0355256","m",11,"noun","91-test-trial-event-11","2021-03-19",1830,2021-08-19 18:46:35,8.021,2021-08-19 18:52:39,2021-08-19 18:52:47,363809.99994278,371812.99996376,"vash_noun","right","vash_verb","left","vash"
"92","38934","83e6e02d-c0d4-4b5c-9e23-7695c0355256","m",12,"noun","98-test-trial-event-12","2021-03-19",1830,2021-08-19 18:46:35,8.015,2021-08-19 18:53:08,2021-08-19 18:53:16,392924.999952316,400928.999900818,"smick_noun","right","smick_verb","left","smick"
"93","38979","805b5bc9-003a-49c0-adc3-409379d31b7b","f",9,"noun","76-test-trial-event-9","2021-03-19",1950,2021-08-19 21:10:55,8.011,2021-08-19 21:15:29,2021-08-19 21:15:37,273980.999946594,281981.999874115,"dax_noun","left","dax_verb","right","dax"
"94","38979","805b5bc9-003a-49c0-adc3-409379d31b7b","f",10,"noun","83-test-trial-event-10","2021-03-19",1950,2021-08-19 21:10:55,8.01,2021-08-19 21:15:57,2021-08-19 21:16:05,302434.000015259,310434.99994278,"nup_noun","right","nup_verb","left","nup"
"95","38979","805b5bc9-003a-49c0-adc3-409379d31b7b","f",11,"noun","91-test-trial-event-11","2021-03-19",1950,2021-08-19 21:10:55,8.011,2021-08-19 21:16:31,2021-08-19 21:16:39,336823.999881744,344825.000047684,"vash_noun","left","vash_verb","right","vash"
"96","38979","805b5bc9-003a-49c0-adc3-409379d31b7b","f",12,"noun","98-test-trial-event-12","2021-03-19",1950,2021-08-19 21:10:55,8.009,2021-08-19 21:17:00,2021-08-19 21:17:08,365524.999856949,373526.000022888,"smick_noun","left","smick_verb","right","smick"
"97","39082","00a962e6-14af-4292-8468-8b180b05dcc1","m",9,"baseline","76-test-trial-event-9","2021-03-20",1710,2021-08-20 16:24:50,8.011,2021-08-20 16:29:27,2021-08-20 16:29:35,276390.000104904,284392.999887466,"vash_noun","left","vash_verb","right","vash"
"98","39082","00a962e6-14af-4292-8468-8b180b05dcc1","m",10,"baseline","83-test-trial-event-10","2021-03-20",1710,2021-08-20 16:24:50,8.017,2021-08-20 16:29:56,2021-08-20 16:30:04,305115.999937057,313124.000072479,"nup_noun","left","nup_verb","right","nup"
"99","39082","00a962e6-14af-4292-8468-8b180b05dcc1","m",11,"baseline","91-test-trial-event-11","2021-03-20",1710,2021-08-20 16:24:50,8.013,2021-08-20 16:30:30,2021-08-20 16:30:38,339734.999895096,347739.000082016,"dax_noun","right","dax_verb","left","dax"
"100","39082","00a962e6-14af-4292-8468-8b180b05dcc1","m",12,"baseline","98-test-trial-event-12","2021-03-20",1710,2021-08-20 16:24:50,8.018,2021-08-20 16:30:59,2021-08-20 16:31:07,368454.999923706,376463.000059128,"smick_noun","right","smick_verb","left","smick"
"101","39086","bbc32941-2830-4ed0-820a-545fdf66cf42","m",9,"baseline","76-test-trial-event-9","2021-03-20",2070,2021-08-20 17:50:39,8.023,2021-08-20 17:55:14,2021-08-20 17:55:22,274786.000013351,282786.000013351,"dax_noun","right","dax_verb","left","dax"
"102","39086","bbc32941-2830-4ed0-820a-545fdf66cf42","m",10,"baseline","83-test-trial-event-10","2021-03-20",2070,2021-08-20 17:50:39,8.016,2021-08-20 17:55:43,2021-08-20 17:55:51,303559.000015259,311559.99994278,"smick_noun","left","smick_verb","right","smick"
"103","39086","bbc32941-2830-4ed0-820a-545fdf66cf42","m",11,"baseline","91-test-trial-event-11","2021-03-20",2070,2021-08-20 17:50:39,8.017,2021-08-20 17:56:17,2021-08-20 17:56:25,338077.999830246,346080.999851227,"vash_noun","left","vash_verb","right","vash"
"104","39086","bbc32941-2830-4ed0-820a-545fdf66cf42","m",12,"baseline","98-test-trial-event-12","2021-03-20",2070,2021-08-20 17:50:39,8.015,2021-08-20 17:56:46,2021-08-20 17:56:54,366661.999940872,374662.999868393,"nup_noun","left","nup_verb","right","nup"
"105","39090","f94af023-1ffd-4398-8bc9-decd401bc3a5","f",9,"verb","76-test-trial-event-9","2021-03-20",1470,2021-08-20 18:42:02,8.021,2021-08-20 18:46:41,2021-08-20 18:46:49,279398.000001907,287401.999950409,"smick_noun","right","smick_verb","left","smick"
"106","39090","f94af023-1ffd-4398-8bc9-decd401bc3a5","f",10,"verb","83-test-trial-event-10","2021-03-20",1470,2021-08-20 18:42:02,8.017,2021-08-20 18:47:11,2021-08-20 18:47:19,308677.999973297,316684.000015259,"dax_noun","left","dax_verb","right","dax"
"107","39090","f94af023-1ffd-4398-8bc9-decd401bc3a5","f",11,"verb","91-test-trial-event-11","2021-03-20",1470,2021-08-20 18:42:02,8.016,2021-08-20 18:47:46,2021-08-20 18:47:54,343677.999973297,351681.999921799,"nup_noun","right","nup_verb","left","nup"
"108","39090","f94af023-1ffd-4398-8bc9-decd401bc3a5","f",12,"verb","98-test-trial-event-12","2021-03-20",1470,2021-08-20 18:42:02,8.022,2021-08-20 18:48:15,2021-08-20 18:48:23,372881.000041962,380884.999990463,"vash_noun","right","vash_verb","left","vash"
"109","39095","158a3b0d-8fc4-4ce8-bc83-e1ef0d6cbc05","m",9,"noun","76-test-trial-event-9","2021-03-20",1290,2021-08-20 19:09:16,8.015,2021-08-20 19:13:51,2021-08-20 19:13:59,275015.999794006,283017.999887466,"nup_noun","right","nup_verb","left","nup"
"110","39095","158a3b0d-8fc4-4ce8-bc83-e1ef0d6cbc05","m",10,"noun","83-test-trial-event-10","2021-03-20",1290,2021-08-20 19:09:16,8.018,2021-08-20 19:14:19,2021-08-20 19:14:27,303687.99996376,311688.999891281,"smick_noun","right","smick_verb","left","smick"
"111","39095","158a3b0d-8fc4-4ce8-bc83-e1ef0d6cbc05","m",11,"noun","91-test-trial-event-11","2021-03-20",1290,2021-08-20 19:09:16,8.027,2021-08-20 19:14:54,2021-08-20 19:15:02,338268.999814987,346270.999908447,"dax_noun","left","dax_verb","right","dax"
"112","39095","158a3b0d-8fc4-4ce8-bc83-e1ef0d6cbc05","m",12,"noun","98-test-trial-event-12","2021-03-20",1290,2021-08-20 19:09:16,8.016,2021-08-20 19:15:22,2021-08-20 19:15:30,366869.999885559,374870.99981308,"vash_noun","right","vash_verb","left","vash"
"113","39105","5d71a24a-3a59-4bfa-b645-7d7325673c78","f",9,"noun","76-test-trial-event-9","2021-03-20",1650,2021-08-20 22:02:41,8.016,2021-08-20 22:07:17,2021-08-20 22:07:25,276048.000097275,284051.000118256,"smick_noun","right","smick_verb","left","smick"
"114","39105","5d71a24a-3a59-4bfa-b645-7d7325673c78","f",10,"noun","83-test-trial-event-10","2021-03-20",1650,2021-08-20 22:02:41,8.017,2021-08-20 22:07:46,2021-08-20 22:07:54,304836.000204086,312843.000173569,"dax_noun","left","dax_verb","right","dax"
"115","39105","5d71a24a-3a59-4bfa-b645-7d7325673c78","f",11,"noun","91-test-trial-event-11","2021-03-20",1650,2021-08-20 22:02:41,8.027,2021-08-20 22:08:21,2021-08-20 22:08:29,339621.000051498,347625,"vash_noun","right","vash_verb","left","vash"
"116","39105","5d71a24a-3a59-4bfa-b645-7d7325673c78","f",12,"noun","98-test-trial-event-12","2021-03-20",1650,2021-08-20 22:02:41,8.015,2021-08-20 22:08:49,2021-08-20 22:08:57,368467.000007629,376469.000101089,"nup_noun","right","nup_verb","left","nup"
"117","39136","fe386940-afbd-411a-a1b0-d7e281990e24","f",9,"verb","76-test-trial-event-9","2021-03-21",1590,2021-08-21 14:12:00,8.01,2021-08-21 14:16:35,2021-08-21 14:16:43,275333.999872208,283335.999965668,"vash_noun","left","vash_verb","right","vash"
"118","39136","fe386940-afbd-411a-a1b0-d7e281990e24","f",10,"verb","83-test-trial-event-10","2021-03-21",1590,2021-08-21 14:12:00,8.013,2021-08-21 14:17:04,2021-08-21 14:17:12,304062.99996376,312066.999912262,"nup_noun","left","nup_verb","right","nup"
"119","39136","fe386940-afbd-411a-a1b0-d7e281990e24","f",11,"verb","91-test-trial-event-11","2021-03-21",1590,2021-08-21 14:12:00,8.009,2021-08-21 14:17:38,2021-08-21 14:17:47,338630.999803543,346632.999897003,"smick_noun","right","smick_verb","left","smick"
"120","39136","fe386940-afbd-411a-a1b0-d7e281990e24","f",12,"verb","98-test-trial-event-12","2021-03-21",1590,2021-08-21 14:12:00,8.016,2021-08-21 14:18:07,2021-08-21 14:18:15,367245.99981308,375247.99990654,"dax_noun","right","dax_verb","left","dax"
"121","39149","06129bbe-b9e2-4392-968d-5eb410f52bcd","m",9,"baseline","76-test-trial-event-9","2021-03-21",1560,2021-08-21 17:54:36,8.007,2021-08-21 17:59:12,2021-08-21 17:59:20,275680.000066757,283680.999994278,"vash_noun","right","vash_verb","left","vash"
"122","39149","06129bbe-b9e2-4392-968d-5eb410f52bcd","m",10,"baseline","83-test-trial-event-10","2021-03-21",1560,2021-08-21 17:54:36,8.006,2021-08-21 17:59:41,2021-08-21 17:59:49,304368.999958038,312370.000123978,"smick_noun","right","smick_verb","left","smick"
"123","39149","06129bbe-b9e2-4392-968d-5eb410f52bcd","m",11,"baseline","91-test-trial-event-11","2021-03-21",1560,2021-08-21 17:54:36,8.009,2021-08-21 18:00:15,2021-08-21 18:00:23,339095.00002861,347098.000049591,"dax_noun","left","dax_verb","right","dax"
"124","39149","06129bbe-b9e2-4392-968d-5eb410f52bcd","m",12,"baseline","98-test-trial-event-12","2021-03-21",1560,2021-08-21 17:54:36,8.007,2021-08-21 18:00:44,2021-08-21 18:00:52,367849.999904633,375849.999904633,"nup_noun","left","nup_verb","right","nup"
"125","39154","328ec393-a86d-4763-9516-492acee436ca","f",9,"noun","76-test-trial-event-9","2021-03-21",1440,2021-08-21 18:38:31,8.014,2021-08-21 18:43:33,2021-08-21 18:43:41,301819.999933243,309822.000026703,"nup_noun","left","nup_verb","right","nup"
"126","39154","328ec393-a86d-4763-9516-492acee436ca","f",10,"noun","83-test-trial-event-10","2021-03-21",1440,2021-08-21 18:38:31,8.016,2021-08-21 18:44:02,2021-08-21 18:44:10,330680.999994278,338682.999849319,"smick_noun","right","smick_verb","left","smick"
"127","39154","328ec393-a86d-4763-9516-492acee436ca","f",11,"noun","91-test-trial-event-11","2021-03-21",1440,2021-08-21 18:38:31,8.033,2021-08-21 18:44:37,2021-08-21 18:44:45,366003.999948502,374004.999876022,"vash_noun","right","vash_verb","left","vash"
"128","39154","328ec393-a86d-4763-9516-492acee436ca","f",12,"noun","98-test-trial-event-12","2021-03-21",1440,2021-08-21 18:38:31,8.029,2021-08-21 18:45:06,2021-08-21 18:45:14,394807.999849319,402809.000015259,"dax_noun","left","dax_verb","right","dax"
"129","39176","68a2f903-f6d3-4b66-9032-bb15341fb9b6","m",9,"noun","76-test-trial-event-9","2021-03-21",1800,2021-08-21 20:31:51,8.018,2021-08-21 20:36:32,2021-08-21 20:36:40,280522.000074387,288523.999929428,"dax_noun","right","dax_verb","left","dax"
"130","39176","68a2f903-f6d3-4b66-9032-bb15341fb9b6","m",10,"noun","83-test-trial-event-10","2021-03-21",1800,2021-08-21 20:31:51,8.022,2021-08-21 20:37:01,2021-08-21 20:37:09,309760.999917984,317763.999938965,"nup_noun","left","nup_verb","right","nup"
"131","39176","68a2f903-f6d3-4b66-9032-bb15341fb9b6","m",11,"noun","91-test-trial-event-11","2021-03-21",1800,2021-08-21 20:31:51,8.025,2021-08-21 20:37:36,2021-08-21 20:37:44,344697.000026703,352701.999902725,"vash_noun","left","vash_verb","right","vash"
"132","39176","68a2f903-f6d3-4b66-9032-bb15341fb9b6","m",12,"noun","98-test-trial-event-12","2021-03-21",1800,2021-08-21 20:31:51,8.027,2021-08-21 20:38:05,2021-08-21 20:38:13,373740.999937057,381746.000051498,"smick_noun","left","smick_verb","right","smick"
"133","39227","989c34d8-6b9f-4317-b7ca-304d5b51ab93","f",9,"baseline","76-test-trial-event-9","2021-03-22",1320,2021-08-22 12:57:43,8.026,2021-08-22 13:02:26,2021-08-22 13:02:34,283369.999885559,291375,"vash_noun","right","vash_verb","left","vash"
"134","39227","989c34d8-6b9f-4317-b7ca-304d5b51ab93","f",10,"baseline","83-test-trial-event-10","2021-03-22",1320,2021-08-22 12:57:43,8.026,2021-08-22 13:02:55,2021-08-22 13:03:03,312407.999992371,320411.000013351,"smick_noun","left","smick_verb","right","smick"
"135","39227","989c34d8-6b9f-4317-b7ca-304d5b51ab93","f",11,"baseline","91-test-trial-event-11","2021-03-22",1320,2021-08-22 12:57:43,8.023,2021-08-22 13:03:31,2021-08-22 13:03:39,348257.999897003,356259.999990463,"nup_noun","right","nup_verb","left","nup"
"136","39227","989c34d8-6b9f-4317-b7ca-304d5b51ab93","f",12,"baseline","98-test-trial-event-12","2021-03-22",1320,2021-08-22 12:57:43,8.025,2021-08-22 13:04:00,2021-08-22 13:04:08,377645.999908447,385650.000095367,"dax_noun","right","dax_verb","left","dax"
"137","39228","8e33183e-b6ea-4fe0-baac-a88970be008a","f",9,"noun","76-test-trial-event-9","2021-03-22",1710,2021-08-22 13:09:11,8.037,2021-08-22 13:13:52,2021-08-22 13:14:00,281134.999990463,289141.000032425,"smick_noun","right","smick_verb","left","smick"
"138","39228","8e33183e-b6ea-4fe0-baac-a88970be008a","f",10,"noun","83-test-trial-event-10","2021-03-22",1710,2021-08-22 13:09:11,8.036,2021-08-22 13:14:22,2021-08-22 13:14:30,310924.000024796,318930.000066757,"vash_noun","right","vash_verb","left","vash"
"139","39228","8e33183e-b6ea-4fe0-baac-a88970be008a","f",11,"noun","91-test-trial-event-11","2021-03-22",1710,2021-08-22 13:09:11,8.028,2021-08-22 13:14:58,2021-08-22 13:15:06,346558.000087738,354563.999891281,"nup_noun","right","nup_verb","left","nup"
"140","39228","8e33183e-b6ea-4fe0-baac-a88970be008a","f",12,"noun","98-test-trial-event-12","2021-03-22",1710,2021-08-22 13:09:11,8.031,2021-08-22 13:15:27,2021-08-22 13:15:35,376013.000011444,384019.000053406,"dax_noun","right","dax_verb","left","dax"
"141","39229","dfd0be12-9d61-455d-837a-599d9415120a","m",9,"noun","76-test-trial-event-9","2021-03-22",1830,2021-08-22 13:45:21,8.007,2021-08-22 13:49:56,2021-08-22 13:50:04,274943.000078201,282943.000078201,"smick_noun","left","smick_verb","right","smick"
"142","39229","dfd0be12-9d61-455d-837a-599d9415120a","m",10,"noun","83-test-trial-event-10","2021-03-22",1830,2021-08-22 13:45:21,8.009,2021-08-22 13:50:25,2021-08-22 13:50:33,303644.000053406,311647.000074387,"dax_noun","left","dax_verb","right","dax"
"143","39229","dfd0be12-9d61-455d-837a-599d9415120a","m",11,"noun","91-test-trial-event-11","2021-03-22",1830,2021-08-22 13:45:21,8.009,2021-08-22 13:51:00,2021-08-22 13:51:08,338186.000108719,346187.99996376,"vash_noun","right","vash_verb","left","vash"
"144","39229","dfd0be12-9d61-455d-837a-599d9415120a","m",12,"noun","98-test-trial-event-12","2021-03-22",1830,2021-08-22 13:45:21,8.011,2021-08-22 13:51:28,2021-08-22 13:51:36,366690.00005722,374694.000005722,"nup_noun","right","nup_verb","left","nup"
"145","39234","60e1052e-b512-4cec-b010-e57b4de1173d","f",9,"verb","76-test-trial-event-9","2021-03-22",1980,2021-08-22 14:34:34,8.014,2021-08-22 14:39:18,2021-08-22 14:39:26,283450.000047684,291453.999996185,"smick_noun","left","smick_verb","right","smick"
"146","39234","60e1052e-b512-4cec-b010-e57b4de1173d","f",10,"verb","83-test-trial-event-10","2021-03-22",1980,2021-08-22 14:34:34,8.012,2021-08-22 14:39:47,2021-08-22 14:39:55,313123.000144958,321125,"nup_noun","left","nup_verb","right","nup"
"147","39234","60e1052e-b512-4cec-b010-e57b4de1173d","f",11,"verb","91-test-trial-event-11","2021-03-22",1980,2021-08-22 14:34:34,8.018,2021-08-22 14:40:23,2021-08-22 14:40:31,348964.999914169,356967.99993515,"dax_noun","left","dax_verb","right","dax"
"148","39234","60e1052e-b512-4cec-b010-e57b4de1173d","f",12,"verb","98-test-trial-event-12","2021-03-22",1980,2021-08-22 14:34:34,8.018,2021-08-22 14:40:52,2021-08-22 14:41:00,378227.999925613,386233.000040054,"vash_noun","right","vash_verb","left","vash"
"149","39236","e4024557-24d0-4163-9ee3-b35d0865b884","m",9,"verb","76-test-trial-event-9","2021-03-22",1110,2021-08-22 14:59:40,8.006,2021-08-22 15:04:14,2021-08-22 15:04:22,274333.999872208,282334.999799728,"nup_noun","right","nup_verb","left","nup"
"150","39236","e4024557-24d0-4163-9ee3-b35d0865b884","m",10,"verb","83-test-trial-event-10","2021-03-22",1110,2021-08-22 14:59:40,8.006,2021-08-22 15:04:43,2021-08-22 15:04:51,302889.999866486,310890.999794006,"dax_noun","right","dax_verb","left","dax"
"151","39236","e4024557-24d0-4163-9ee3-b35d0865b884","m",11,"verb","91-test-trial-event-11","2021-03-22",1110,2021-08-22 14:59:40,8.009,2021-08-22 15:05:17,2021-08-22 15:05:25,337229.999780655,345232.999801636,"smick_noun","left","smick_verb","right","smick"
"152","39236","e4024557-24d0-4163-9ee3-b35d0865b884","m",12,"verb","98-test-trial-event-12","2021-03-22",1110,2021-08-22 14:59:40,8.013,2021-08-22 15:05:46,2021-08-22 15:05:54,365660.999774933,373661.999940872,"vash_noun","right","vash_verb","left","vash"
"153","39239","e9ddffca-ee19-4a55-968c-6077570bf4a8","f",9,"noun","76-test-trial-event-9","2021-03-22",1830,2021-08-22 16:08:09,8.022,2021-08-22 16:13:26,2021-08-22 16:13:34,316823.999881744,324836.999893188,"smick_noun","right","smick_verb","left","smick"
"154","39239","e9ddffca-ee19-4a55-968c-6077570bf4a8","f",10,"noun","83-test-trial-event-10","2021-03-22",1830,2021-08-22 16:08:09,8.021,2021-08-22 16:13:58,2021-08-22 16:14:06,348481.999874115,356490.999937057,"vash_noun","right","vash_verb","left","vash"
"155","39239","e9ddffca-ee19-4a55-968c-6077570bf4a8","f",11,"noun","91-test-trial-event-11","2021-03-22",1830,2021-08-22 16:08:09,8.019,2021-08-22 16:14:36,2021-08-22 16:14:44,386379.999876022,394388.000011444,"nup_noun","left","nup_verb","right","nup"
"156","39239","e9ddffca-ee19-4a55-968c-6077570bf4a8","f",12,"noun","98-test-trial-event-12","2021-03-22",1830,2021-08-22 16:08:09,8.016,2021-08-22 16:15:06,2021-08-22 16:15:14,416913.999795914,424918.999910355,"dax_noun","right","dax_verb","left","dax"
"157","39240","ba8dc61d-c10b-44d3-8a6d-f1ad9a3e28f6","f",9,"verb","76-test-trial-event-9","2021-03-22",1260,2021-08-22 16:35:42,8.022,2021-08-22 16:42:22,2021-08-22 16:42:30,399966.000080109,407977.999925613,"nup_noun","left","nup_verb","right","nup"
"158","39240","ba8dc61d-c10b-44d3-8a6d-f1ad9a3e28f6","f",10,"verb","83-test-trial-event-10","2021-03-22",1260,2021-08-22 16:35:42,8.018,2021-08-22 16:42:54,2021-08-22 16:43:02,431897.000074387,439904.000043869,"vash_noun","left","vash_verb","right","vash"
"159","39240","ba8dc61d-c10b-44d3-8a6d-f1ad9a3e28f6","f",11,"verb","91-test-trial-event-11","2021-03-22",1260,2021-08-22 16:35:42,8.024,2021-08-22 16:43:30,2021-08-22 16:43:38,468010.999917984,476023.000001907,"dax_noun","left","dax_verb","right","dax"
"160","39240","ba8dc61d-c10b-44d3-8a6d-f1ad9a3e28f6","f",12,"verb","98-test-trial-event-12","2021-03-22",1260,2021-08-22 16:35:42,8.015,2021-08-22 16:44:00,2021-08-22 16:44:08,498427.999973297,506433.000087738,"smick_noun","right","smick_verb","left","smick"
"161","39253","2cbfa4b5-a5bd-45ba-ba93-93e9e574d3cc","f",9,"baseline","76-test-trial-event-9","2021-03-22",1140,2021-08-22 16:56:59,8.008,2021-08-22 17:01:37,2021-08-22 17:01:45,278529.99997139,286531.999826431,"nup_noun","right","nup_verb","left","nup"
"162","39253","2cbfa4b5-a5bd-45ba-ba93-93e9e574d3cc","f",10,"baseline","83-test-trial-event-10","2021-03-22",1140,2021-08-22 16:56:59,8.009,2021-08-22 17:02:06,2021-08-22 17:02:14,307406.999826431,315408.999919891,"dax_noun","right","dax_verb","left","dax"
"163","39253","2cbfa4b5-a5bd-45ba-ba93-93e9e574d3cc","f",11,"baseline","91-test-trial-event-11","2021-03-22",1140,2021-08-22 16:56:59,8.009,2021-08-22 17:02:41,2021-08-22 17:02:49,342405.999898911,350407.999992371,"vash_noun","right","vash_verb","left","vash"
"164","39253","2cbfa4b5-a5bd-45ba-ba93-93e9e574d3cc","f",12,"baseline","98-test-trial-event-12","2021-03-22",1140,2021-08-22 16:56:59,8.01,2021-08-22 17:03:10,2021-08-22 17:03:18,371355.999946594,379358.000040054,"smick_noun","left","smick_verb","right","smick"
"165","39257","fb34065a-6a4a-4bb3-998d-c58c81249095","f",9,"baseline","76-test-trial-event-9","2021-03-22",1620,2021-08-22 17:10:01,8.009,2021-08-22 17:14:43,2021-08-22 17:14:51,281226.000070572,289226.999998093,"dax_noun","right","dax_verb","left","dax"
"166","39257","fb34065a-6a4a-4bb3-998d-c58c81249095","f",10,"baseline","83-test-trial-event-10","2021-03-22",1620,2021-08-22 17:10:01,8.014,2021-08-22 17:15:12,2021-08-22 17:15:20,310365.999937057,318368.000030518,"smick_noun","right","smick_verb","left","smick"
"167","39257","fb34065a-6a4a-4bb3-998d-c58c81249095","f",11,"baseline","91-test-trial-event-11","2021-03-22",1620,2021-08-22 17:10:01,8.013,2021-08-22 17:15:47,2021-08-22 17:15:55,345618.000030518,353618.999958038,"nup_noun","left","nup_verb","right","nup"
"168","39257","fb34065a-6a4a-4bb3-998d-c58c81249095","f",12,"baseline","98-test-trial-event-12","2021-03-22",1620,2021-08-22 17:10:01,8.011,2021-08-22 17:16:18,2021-08-22 17:16:26,376820.999860764,384822.000026703,"vash_noun","left","vash_verb","right","vash"
"169","39263","56b6af12-bfc2-4f1f-a7ed-fa7e8e67615b","f",9,"verb","76-test-trial-event-9","2021-03-22",1320,2021-08-22 17:33:39,8.031,2021-08-22 17:38:30,2021-08-22 17:38:38,290775.000095367,298779.000043869,"smick_noun","right","smick_verb","left","smick"
"170","39263","56b6af12-bfc2-4f1f-a7ed-fa7e8e67615b","f",10,"verb","83-test-trial-event-10","2021-03-22",1320,2021-08-22 17:33:39,8.056,2021-08-22 17:39:00,2021-08-22 17:39:08,320949.000120163,328953.000068665,"vash_noun","right","vash_verb","left","vash"
"171","39263","56b6af12-bfc2-4f1f-a7ed-fa7e8e67615b","f",11,"verb","91-test-trial-event-11","2021-03-22",1320,2021-08-22 17:33:39,8.04,2021-08-22 17:39:36,2021-08-22 17:39:44,357510.999917984,365513.000011444,"nup_noun","left","nup_verb","right","nup"
"172","39263","56b6af12-bfc2-4f1f-a7ed-fa7e8e67615b","f",12,"verb","98-test-trial-event-12","2021-03-22",1320,2021-08-22 17:33:39,8.051,2021-08-22 17:40:06,2021-08-22 17:40:14,387365.000009537,395371.999979019,"dax_noun","right","dax_verb","left","dax"
"173","39293","0389b91c-d3a5-4bac-aa4a-e75a0b091b5b","f",9,"noun","76-test-trial-event-9","2021-03-22",1560,2021-08-22 21:14:50,8.019,2021-08-22 21:19:29,2021-08-22 21:19:37,279020.999908447,287025.000095367,"vash_noun","left","vash_verb","right","vash"
"174","39293","0389b91c-d3a5-4bac-aa4a-e75a0b091b5b","f",10,"noun","83-test-trial-event-10","2021-03-22",1560,2021-08-22 21:14:50,8.013,2021-08-22 21:19:58,2021-08-22 21:20:06,308259.999990463,316265.000104904,"smick_noun","right","smick_verb","left","smick"
"175","39293","0389b91c-d3a5-4bac-aa4a-e75a0b091b5b","f",11,"noun","91-test-trial-event-11","2021-03-22",1560,2021-08-22 21:14:50,8.023,2021-08-22 21:20:33,2021-08-22 21:20:41,343186.000108719,351197.999954224,"dax_noun","left","dax_verb","right","dax"
"176","39293","0389b91c-d3a5-4bac-aa4a-e75a0b091b5b","f",12,"noun","98-test-trial-event-12","2021-03-22",1560,2021-08-22 21:14:50,8.014,2021-08-22 21:21:09,2021-08-22 21:21:17,379143.000125885,387148.000001907,"nup_noun","left","nup_verb","right","nup"
"177","39317","b0a93f29-0ead-45c9-8237-c86c81ba8104","f",9,"baseline","76-test-trial-event-9","2021-03-22",1950,2021-08-22 22:47:59,8.009,2021-08-22 22:52:36,2021-08-22 22:52:44,277215.000152588,285217.000007629,"dax_noun","right","dax_verb","left","dax"
"178","39317","b0a93f29-0ead-45c9-8237-c86c81ba8104","f",10,"baseline","83-test-trial-event-10","2021-03-22",1950,2021-08-22 22:47:59,8.008,2021-08-22 22:53:05,2021-08-22 22:53:13,306190.999984741,314192.000150681,"smick_noun","right","smick_verb","left","smick"
"179","39317","b0a93f29-0ead-45c9-8237-c86c81ba8104","f",11,"baseline","91-test-trial-event-11","2021-03-22",1950,2021-08-22 22:47:59,8.01,2021-08-22 22:53:40,2021-08-22 22:53:48,341357.000112534,349359.000205994,"nup_noun","right","nup_verb","left","nup"
"180","39317","b0a93f29-0ead-45c9-8237-c86c81ba8104","f",12,"baseline","98-test-trial-event-12","2021-03-22",1950,2021-08-22 22:47:59,8.01,2021-08-22 22:54:09,2021-08-22 22:54:17,370147.000074387,378149.000167847,"vash_noun","left","vash_verb","right","vash"
"181","39321","3bba51c1-e4b5-40db-a294-7c0e19e00bdd","f",9,"noun","76-test-trial-event-9","2021-03-22",1110,2021-08-22 23:06:46,8.012,2021-08-22 23:11:22,2021-08-22 23:11:30,276342.000007629,284342.99993515,"smick_noun","right","smick_verb","left","smick"
"182","39321","3bba51c1-e4b5-40db-a294-7c0e19e00bdd","f",10,"noun","83-test-trial-event-10","2021-03-22",1110,2021-08-22 23:06:46,8.013,2021-08-22 23:11:51,2021-08-22 23:11:59,305047.999858856,313049.000024796,"nup_noun","left","nup_verb","right","nup"
"183","39321","3bba51c1-e4b5-40db-a294-7c0e19e00bdd","f",11,"noun","91-test-trial-event-11","2021-03-22",1110,2021-08-22 23:06:46,8.01,2021-08-22 23:12:26,2021-08-22 23:12:34,339628.999948502,347629.999876022,"dax_noun","right","dax_verb","left","dax"
"184","39321","3bba51c1-e4b5-40db-a294-7c0e19e00bdd","f",12,"noun","98-test-trial-event-12","2021-03-22",1110,2021-08-22 23:06:46,8.019,2021-08-22 23:12:54,2021-08-22 23:13:02,368432.999849319,376434.000015259,"vash_noun","right","vash_verb","left","vash"
"185","39324","3ab8bace-fcc7-4bbe-8e73-744e68fd3481","m",9,"baseline","76-test-trial-event-9","2021-03-22",1500,2021-08-22 23:17:11,8.013,2021-08-22 23:21:49,2021-08-22 23:21:57,278205.999851227,286206.999778748,"nup_noun","right","nup_verb","left","nup"
"186","39324","3ab8bace-fcc7-4bbe-8e73-744e68fd3481","m",10,"baseline","83-test-trial-event-10","2021-03-22",1500,2021-08-22 23:17:11,8.013,2021-08-22 23:22:19,2021-08-22 23:22:27,307348.999977112,315349.999904633,"dax_noun","left","dax_verb","right","dax"
"187","39324","3ab8bace-fcc7-4bbe-8e73-744e68fd3481","m",11,"baseline","91-test-trial-event-11","2021-03-22",1500,2021-08-22 23:17:11,8.014,2021-08-22 23:22:54,2021-08-22 23:23:02,342538.999795914,350540.999889374,"vash_noun","left","vash_verb","right","vash"
"188","39324","3ab8bace-fcc7-4bbe-8e73-744e68fd3481","m",12,"baseline","98-test-trial-event-12","2021-03-22",1500,2021-08-22 23:17:11,8.017,2021-08-22 23:23:23,2021-08-22 23:23:31,371422.999858856,379425.999879837,"smick_noun","right","smick_verb","left","smick"
"189","39334","c4f900b2-7cdf-4dd7-8f68-1b076e83893c","f",9,"noun","76-test-trial-event-9","2021-03-22",2160,2021-08-22 23:51:59,8.011,2021-08-22 23:56:35,2021-08-22 23:56:43,276657.00006485,284659.00015831,"dax_noun","left","dax_verb","right","dax"
"190","39334","c4f900b2-7cdf-4dd7-8f68-1b076e83893c","f",10,"noun","83-test-trial-event-10","2021-03-22",2160,2021-08-22 23:51:59,8.011,2021-08-22 23:57:04,2021-08-22 23:57:12,305639.000177383,313640.000104904,"vash_noun","left","vash_verb","right","vash"
"191","39334","c4f900b2-7cdf-4dd7-8f68-1b076e83893c","f",11,"noun","91-test-trial-event-11","2021-03-22",2160,2021-08-22 23:51:59,8.009,2021-08-22 23:57:39,2021-08-22 23:57:47,340732.000112534,348735.000133514,"smick_noun","right","smick_verb","left","smick"
"192","39334","c4f900b2-7cdf-4dd7-8f68-1b076e83893c","f",12,"noun","98-test-trial-event-12","2021-03-22",2160,2021-08-22 23:51:59,8.011,2021-08-22 23:58:08,2021-08-22 23:58:16,369424.000024796,377425.000190735,"nup_noun","left","nup_verb","right","nup"
"193","39358","b2f5db7f-69bd-4b3d-bbce-397e270a58ce","f",9,"verb","76-test-trial-event-9","2021-03-23",1440,2021-08-23 15:00:38,8.006,2021-08-23 15:05:13,2021-08-23 15:05:21,274753.000020981,282754.00018692,"vash_noun","right","vash_verb","left","vash"
"194","39358","b2f5db7f-69bd-4b3d-bbce-397e270a58ce","f",10,"verb","83-test-trial-event-10","2021-03-23",1440,2021-08-23 15:00:38,8.009,2021-08-23 15:05:42,2021-08-23 15:05:50,303450.000047684,311450.999975204,"dax_noun","left","dax_verb","right","dax"
"195","39358","b2f5db7f-69bd-4b3d-bbce-397e270a58ce","f",11,"verb","91-test-trial-event-11","2021-03-23",1440,2021-08-23 15:00:38,8.009,2021-08-23 15:06:16,2021-08-23 15:06:24,337916.000127792,345917.000055313,"smick_noun","right","smick_verb","left","smick"
"196","39358","b2f5db7f-69bd-4b3d-bbce-397e270a58ce","f",12,"verb","98-test-trial-event-12","2021-03-23",1440,2021-08-23 15:00:38,8.008,2021-08-23 15:06:45,2021-08-23 15:06:53,366370.000123978,374373.000144958,"nup_noun","left","nup_verb","right","nup"
"197","39381","af1874bc-da05-4d1e-9077-f31d51c6bf56","m",9,"noun","76-test-trial-event-9","2021-03-23",2010,2021-08-23 17:03:33,8.024,2021-08-23 17:08:15,2021-08-23 17:08:23,281621.000051498,289623.999834061,"dax_noun","left","dax_verb","right","dax"
"198","39381","af1874bc-da05-4d1e-9077-f31d51c6bf56","m",10,"noun","83-test-trial-event-10","2021-03-23",2010,2021-08-23 17:03:33,8.031,2021-08-23 17:08:45,2021-08-23 17:08:53,311059.99994278,319065.999984741,"nup_noun","left","nup_verb","right","nup"
"199","39381","af1874bc-da05-4d1e-9077-f31d51c6bf56","m",11,"noun","91-test-trial-event-11","2021-03-23",2010,2021-08-23 17:03:33,8.022,2021-08-23 17:09:20,2021-08-23 17:09:28,346445.999860764,354447.000026703,"vash_noun","right","vash_verb","left","vash"
"200","39381","af1874bc-da05-4d1e-9077-f31d51c6bf56","m",12,"noun","98-test-trial-event-12","2021-03-23",2010,2021-08-23 17:03:33,8.023,2021-08-23 17:09:49,2021-08-23 17:09:57,375513.999938965,383516.999959946,"smick_noun","right","smick_verb","left","smick"
"201","39439","9c9a8a74-2f05-4c7d-866a-84328538bf96","m",9,"noun","76-test-trial-event-9","2021-03-23",2160,2021-08-23 18:39:40,8.031,2021-08-23 18:44:26,2021-08-23 18:44:34,286330.999851227,294343.999862671,"dax_noun","left","dax_verb","right","dax"
"202","39439","9c9a8a74-2f05-4c7d-866a-84328538bf96","m",10,"noun","83-test-trial-event-10","2021-03-23",2160,2021-08-23 18:39:40,8.023,2021-08-23 18:44:56,2021-08-23 18:45:04,315743.999958038,323751.999855042,"nup_noun","left","nup_verb","right","nup"
"203","39439","9c9a8a74-2f05-4c7d-866a-84328538bf96","m",11,"noun","91-test-trial-event-11","2021-03-23",2160,2021-08-23 18:39:40,8.036,2021-08-23 18:45:31,2021-08-23 18:45:39,351057.999849319,359059.99994278,"smick_noun","left","smick_verb","right","smick"
"204","39439","9c9a8a74-2f05-4c7d-866a-84328538bf96","m",12,"noun","98-test-trial-event-12","2021-03-23",2160,2021-08-23 18:39:40,8.029,2021-08-23 18:46:01,2021-08-23 18:46:09,380365.999937057,388368.999958038,"vash_noun","left","vash_verb","right","vash"
"205","39517","2bdc209a-f09c-46f7-b488-3cd2d68ccc3c","m",9,"verb","76-test-trial-event-9","2021-03-23",2190,2021-08-23 21:40:16,8.029,2021-08-23 21:45:49,2021-08-23 21:45:57,333138.000011444,341149.999856949,"dax_noun","left","dax_verb","right","dax"
"206","39517","2bdc209a-f09c-46f7-b488-3cd2d68ccc3c","m",10,"verb","83-test-trial-event-10","2021-03-23",2190,2021-08-23 21:40:16,8.028,2021-08-23 21:46:18,2021-08-23 21:46:26,362129.999876022,370139.999866486,"nup_noun","left","nup_verb","right","nup"
"207","39517","2bdc209a-f09c-46f7-b488-3cd2d68ccc3c","m",11,"verb","91-test-trial-event-11","2021-03-23",2190,2021-08-23 21:40:16,8.025,2021-08-23 21:46:54,2021-08-23 21:47:02,398490.999937057,406500.999927521,"smick_noun","left","smick_verb","right","smick"
"208","39517","2bdc209a-f09c-46f7-b488-3cd2d68ccc3c","m",12,"verb","98-test-trial-event-12","2021-03-23",2190,2021-08-23 21:40:16,8.022,2021-08-23 21:47:24,2021-08-23 21:47:32,428063.999891281,436069.999933243,"vash_noun","left","vash_verb","right","vash"
"209","39834","2cd38140-4f03-43a4-aa2b-ccf422d070ca","m",9,"baseline","76-test-trial-event-9","2021-03-25",1680,2021-08-25 13:35:29,8.023,2021-08-25 13:41:08,2021-08-25 13:41:16,339053.999900818,347058.99977684,"dax_noun","left","dax_verb","right","dax"
"210","39834","2cd38140-4f03-43a4-aa2b-ccf422d070ca","m",10,"baseline","83-test-trial-event-10","2021-03-25",1680,2021-08-25 13:35:29,8.027,2021-08-25 13:41:37,2021-08-25 13:41:45,368479.999780655,376487.999916077,"smick_noun","left","smick_verb","right","smick"
"211","39834","2cd38140-4f03-43a4-aa2b-ccf422d070ca","m",11,"baseline","91-test-trial-event-11","2021-03-25",1680,2021-08-25 13:35:29,8.023,2021-08-25 13:42:12,2021-08-25 13:42:20,403934.99994278,411939.999818802,"vash_noun","right","vash_verb","left","vash"
"212","39834","2cd38140-4f03-43a4-aa2b-ccf422d070ca","m",12,"baseline","98-test-trial-event-12","2021-03-25",1680,2021-08-25 13:35:29,8.046,2021-08-25 13:42:42,2021-08-25 13:42:50,433480.999946594,441484.999895096,"nup_noun","right","nup_verb","left","nup"
"213","39913","6136b85c-bc99-48b5-b3c6-d639c167e5a3","m",9,"baseline","76-test-trial-event-9","2021-03-25",2070,2021-08-25 20:39:35,8.022,2021-08-25 20:44:17,2021-08-25 20:44:25,282187.00003624,290194.000005722,"nup_noun","right","nup_verb","left","nup"
"214","39913","6136b85c-bc99-48b5-b3c6-d639c167e5a3","m",10,"baseline","83-test-trial-event-10","2021-03-25",2070,2021-08-25 20:39:35,8.023,2021-08-25 20:44:47,2021-08-25 20:44:55,311888.000011444,319894.000053406,"dax_noun","left","dax_verb","right","dax"
"215","39913","6136b85c-bc99-48b5-b3c6-d639c167e5a3","m",11,"baseline","91-test-trial-event-11","2021-03-25",2070,2021-08-25 20:39:35,8.025,2021-08-25 20:45:22,2021-08-25 20:45:30,347631.999969482,355642.999887466,"vash_noun","right","vash_verb","left","vash"
"216","39913","6136b85c-bc99-48b5-b3c6-d639c167e5a3","m",12,"baseline","98-test-trial-event-12","2021-03-25",2070,2021-08-25 20:39:35,8.02,2021-08-25 20:45:52,2021-08-25 20:46:00,376854.000091553,384859.999895096,"smick_noun","left","smick_verb","right","smick"
"217","39942","83233d54-50f1-42f9-90d0-9b98e48836a3","m",9,"baseline","76-test-trial-event-9","2021-03-25",1770,2021-08-25 22:20:37,8.013,2021-08-25 22:25:17,2021-08-25 22:25:25,280240.999937057,288243.999958038,"nup_noun","right","nup_verb","left","nup"
"218","39942","83233d54-50f1-42f9-90d0-9b98e48836a3","m",10,"baseline","83-test-trial-event-10","2021-03-25",1770,2021-08-25 22:20:37,8.017,2021-08-25 22:25:47,2021-08-25 22:25:55,310264.999866486,318271.999835968,"vash_noun","right","vash_verb","left","vash"
"219","39942","83233d54-50f1-42f9-90d0-9b98e48836a3","m",11,"baseline","91-test-trial-event-11","2021-03-25",1770,2021-08-25 22:20:37,8.018,2021-08-25 22:26:23,2021-08-25 22:26:31,345833.999872208,353842.000007629,"dax_noun","right","dax_verb","left","dax"
"220","39942","83233d54-50f1-42f9-90d0-9b98e48836a3","m",12,"baseline","98-test-trial-event-12","2021-03-25",1770,2021-08-25 22:20:37,8.018,2021-08-25 22:26:52,2021-08-25 22:27:00,374959.999799728,382970.999956131,"smick_noun","left","smick_verb","right","smick"
"221","40101","052f8aa1-7ba8-4f0e-a436-14dd0414debc","m",9,"noun","76-test-trial-event-9","2021-03-27",2010,2021-08-27 01:12:17,8.02,2021-08-27 01:17:29,2021-08-27 01:17:37,311655.999898911,319657.999992371,"dax_noun","left","dax_verb","right","dax"
"222","40101","052f8aa1-7ba8-4f0e-a436-14dd0414debc","m",10,"noun","83-test-trial-event-10","2021-03-27",2010,2021-08-27 01:12:17,8.018,2021-08-27 01:17:58,2021-08-27 01:18:06,340615.000009537,348618.000030518,"vash_noun","left","vash_verb","right","vash"
"223","40101","052f8aa1-7ba8-4f0e-a436-14dd0414debc","m",11,"noun","91-test-trial-event-11","2021-03-27",2010,2021-08-27 01:12:17,8.019,2021-08-27 01:18:33,2021-08-27 01:18:41,375236.999988556,383238.999843597,"smick_noun","right","smick_verb","left","smick"
"224","40101","052f8aa1-7ba8-4f0e-a436-14dd0414debc","m",12,"noun","98-test-trial-event-12","2021-03-27",2010,2021-08-27 01:12:17,8.017,2021-08-27 01:19:02,2021-08-27 01:19:10,404224.999904633,412225.999832153,"nup_noun","left","nup_verb","right","nup"
"225","40142","acabde2a-6c43-4c2c-99eb-cce2e18e457a","m",9,"verb","76-test-trial-event-9","2021-03-27",2100,2021-08-27 18:23:39,8.01,2021-08-27 18:28:15,2021-08-27 18:28:23,275736.999988556,283737.999916077,"smick_noun","left","smick_verb","right","smick"
"226","40142","acabde2a-6c43-4c2c-99eb-cce2e18e457a","m",10,"verb","83-test-trial-event-10","2021-03-27",2100,2021-08-27 18:23:39,8.011,2021-08-27 18:28:44,2021-08-27 18:28:52,304476.000070572,312477.999925613,"dax_noun","right","dax_verb","left","dax"
"227","40142","acabde2a-6c43-4c2c-99eb-cce2e18e457a","m",11,"verb","91-test-trial-event-11","2021-03-27",2100,2021-08-27 18:23:39,8.01,2021-08-27 18:29:18,2021-08-27 18:29:26,339032.999992371,347033.999919891,"vash_noun","left","vash_verb","right","vash"
"228","40142","acabde2a-6c43-4c2c-99eb-cce2e18e457a","m",12,"verb","98-test-trial-event-12","2021-03-27",2100,2021-08-27 18:23:39,8.014,2021-08-27 18:29:47,2021-08-27 18:29:55,367593.999862671,375595.999956131,"nup_noun","left","nup_verb","right","nup"
"229","40180","b17dcb65-aa28-491b-a300-3821eeac9e02","f",9,"verb","76-test-trial-event-9","2021-03-27",1350,2021-08-27 23:09:02,8.012,2021-08-27 23:13:37,2021-08-27 23:13:45,275440.999984741,283444.000005722,"smick_noun","right","smick_verb","left","smick"
"230","40180","b17dcb65-aa28-491b-a300-3821eeac9e02","f",10,"verb","83-test-trial-event-10","2021-03-27",1350,2021-08-27 23:09:02,8.01,2021-08-27 23:14:06,2021-08-27 23:14:14,304249.000072479,312250.999927521,"dax_noun","right","dax_verb","left","dax"
"231","40180","b17dcb65-aa28-491b-a300-3821eeac9e02","f",11,"verb","91-test-trial-event-11","2021-03-27",1350,2021-08-27 23:09:02,9.12,2021-08-27 23:14:41,2021-08-27 23:14:50,338927.999973297,348033.999919891,"nup_noun","right","nup_verb","left","nup"
"232","40180","b17dcb65-aa28-491b-a300-3821eeac9e02","f",12,"verb","98-test-trial-event-12","2021-03-27",1350,2021-08-27 23:09:02,8.01,2021-08-27 23:15:10,2021-08-27 23:15:18,368661.999940872,376664.000034332,"vash_noun","left","vash_verb","right","vash"
"233","40204","9a76df6a-9a67-4f68-8ae4-726548e391dc","f",9,"baseline","76-test-trial-event-9","2021-03-28",1140,2021-08-28 13:02:51,8.022,2021-08-28 13:07:26,2021-08-28 13:07:34,275461.999893188,283469.000101089,"smick_noun","right","smick_verb","left","smick"
"234","40204","9a76df6a-9a67-4f68-8ae4-726548e391dc","f",10,"baseline","83-test-trial-event-10","2021-03-28",1140,2021-08-28 13:02:51,8.012,2021-08-28 13:07:55,2021-08-28 13:08:03,304213.999986649,312220.999956131,"nup_noun","left","nup_verb","right","nup"
"235","40204","9a76df6a-9a67-4f68-8ae4-726548e391dc","f",11,"baseline","91-test-trial-event-11","2021-03-28",1140,2021-08-28 13:02:51,8.012,2021-08-28 13:08:30,2021-08-28 13:08:38,338717.000007629,346723.999977112,"vash_noun","right","vash_verb","left","vash"
"236","40204","9a76df6a-9a67-4f68-8ae4-726548e391dc","f",12,"baseline","98-test-trial-event-12","2021-03-28",1140,2021-08-28 13:02:51,8.006,2021-08-28 13:08:58,2021-08-28 13:09:06,367411.000013351,375412.999868393,"dax_noun","right","dax_verb","left","dax"
"237","40411","a15eb5e3-c035-41cf-8e1a-e682829fb76d","m",9,"baseline","76-test-trial-event-9","2021-03-29",1380,2021-08-29 21:44:43,8.012,2021-08-29 21:49:19,2021-08-29 21:49:27,276532.00006485,284535.000085831,"nup_noun","left","nup_verb","right","nup"
"238","40411","a15eb5e3-c035-41cf-8e1a-e682829fb76d","m",10,"baseline","83-test-trial-event-10","2021-03-29",1380,2021-08-29 21:44:43,8.013,2021-08-29 21:49:48,2021-08-29 21:49:56,305275.000095367,313276.999950409,"smick_noun","left","smick_verb","right","smick"
"239","40411","a15eb5e3-c035-41cf-8e1a-e682829fb76d","m",11,"baseline","91-test-trial-event-11","2021-03-29",1380,2021-08-29 21:44:43,8.011,2021-08-29 21:50:23,2021-08-29 21:50:31,339921.000003815,347923.000097275,"vash_noun","left","vash_verb","right","vash"
"240","40411","a15eb5e3-c035-41cf-8e1a-e682829fb76d","m",12,"baseline","98-test-trial-event-12","2021-03-29",1380,2021-08-29 21:44:43,8.011,2021-08-29 21:50:51,2021-08-29 21:50:59,368611.000061035,376613.000154495,"dax_noun","left","dax_verb","right","dax"
"241","41065","740fb22c-613d-4786-b046-718e2592631c","f",9,"noun","76-test-trial-event-9","2021-04-01",2130,2021-08-01 20:41:41,8.025,2021-08-01 20:46:21,2021-08-01 20:46:29,280449.000120163,288450.000047684,"smick_noun","right","smick_verb","left","smick"
"242","41065","740fb22c-613d-4786-b046-718e2592631c","f",10,"noun","83-test-trial-event-10","2021-04-01",2130,2021-08-01 20:41:41,8.025,2021-08-01 20:46:51,2021-08-01 20:46:59,309948.000192642,317950.000047684,"nup_noun","left","nup_verb","right","nup"
"243","41065","740fb22c-613d-4786-b046-718e2592631c","f",11,"noun","91-test-trial-event-11","2021-04-01",2130,2021-08-01 20:41:41,8.023,2021-08-01 20:47:26,2021-08-01 20:47:34,345269.000053406,353269.999980927,"vash_noun","left","vash_verb","right","vash"
"244","41065","740fb22c-613d-4786-b046-718e2592631c","f",12,"noun","98-test-trial-event-12","2021-04-01",2130,2021-08-01 20:41:41,8.018,2021-08-01 20:47:56,2021-08-01 20:48:04,374575.000047684,382580.000162125,"dax_noun","left","dax_verb","right","dax"
"245","41239","7d812a6d-2c0d-4f9d-8da7-6e08cb57f593","f",9,"noun","76-test-trial-event-9","2021-04-02",1500,2021-08-02 21:04:09,8.009,2021-08-02 21:08:42,2021-08-02 21:08:50,273761.000156403,281762.000083923,"nup_noun","left","nup_verb","right","nup"
"246","41239","7d812a6d-2c0d-4f9d-8da7-6e08cb57f593","f",10,"noun","83-test-trial-event-10","2021-04-02",1500,2021-08-02 21:04:09,8.01,2021-08-02 21:09:11,2021-08-02 21:09:19,302434.000015259,310437.99996376,"dax_noun","right","dax_verb","left","dax"
"247","41239","7d812a6d-2c0d-4f9d-8da7-6e08cb57f593","f",11,"noun","91-test-trial-event-11","2021-04-02",1500,2021-08-02 21:04:09,8.009,2021-08-02 21:09:46,2021-08-02 21:09:54,336875,344877.00009346,"vash_noun","right","vash_verb","left","vash"
"248","41239","7d812a6d-2c0d-4f9d-8da7-6e08cb57f593","f",12,"noun","98-test-trial-event-12","2021-04-02",1500,2021-08-02 21:04:09,8.008,2021-08-02 21:10:14,2021-08-02 21:10:22,365334.000110626,373335.000038147,"smick_noun","left","smick_verb","right","smick"
"249","41284","ca016e73-8039-442f-956a-845f71e1ed7f","m",9,"noun","76-test-trial-event-9","2021-04-03",1440,2021-08-03 18:53:27,8.01,2021-08-03 18:58:03,2021-08-03 18:58:11,276467.99993515,284469.000101089,"smick_noun","right","smick_verb","left","smick"
"250","41284","ca016e73-8039-442f-956a-845f71e1ed7f","m",10,"noun","83-test-trial-event-10","2021-04-03",1440,2021-08-03 18:53:27,8.008,2021-08-03 18:58:32,2021-08-03 18:58:40,305378.000020981,313378.000020981,"vash_noun","right","vash_verb","left","vash"
"251","41284","ca016e73-8039-442f-956a-845f71e1ed7f","m",11,"noun","91-test-trial-event-11","2021-04-03",1440,2021-08-03 18:53:27,8.007,2021-08-03 18:59:08,2021-08-03 18:59:16,341094.000101089,349094.000101089,"nup_noun","left","nup_verb","right","nup"
"252","41284","ca016e73-8039-442f-956a-845f71e1ed7f","m",12,"noun","98-test-trial-event-12","2021-04-03",1440,2021-08-03 18:53:27,8.009,2021-08-03 18:59:37,2021-08-03 18:59:45,369715.000152588,377716.000080109,"dax_noun","left","dax_verb","right","dax"
"253","41301","418ebfb7-1854-4ac1-b485-fc228b86feb8","m",9,"noun","76-test-trial-event-9","2021-04-03",1860,2021-08-03 21:36:52,8.033,2021-08-03 21:41:30,2021-08-03 21:41:38,278559.000015259,286562.00003624,"vash_noun","left","vash_verb","right","vash"
"254","41301","418ebfb7-1854-4ac1-b485-fc228b86feb8","m",10,"noun","83-test-trial-event-10","2021-04-03",1860,2021-08-03 21:36:52,8.02,2021-08-03 21:41:59,2021-08-03 21:42:07,307642.999887466,315644.999980927,"nup_noun","right","nup_verb","left","nup"
"255","41301","418ebfb7-1854-4ac1-b485-fc228b86feb8","m",11,"noun","91-test-trial-event-11","2021-04-03",1860,2021-08-03 21:36:52,8.012,2021-08-03 21:42:34,2021-08-03 21:42:42,342575.000047684,350575.999975204,"dax_noun","right","dax_verb","left","dax"
"256","41301","418ebfb7-1854-4ac1-b485-fc228b86feb8","m",12,"noun","98-test-trial-event-12","2021-04-03",1860,2021-08-03 21:36:52,8.969,2021-08-03 21:43:03,2021-08-03 21:43:12,371503.999948502,380460.999965668,"smick_noun","left","smick_verb","right","smick"
"257","42281","8b301161-79ce-4a90-867a-6a73fce471e3","m",9,"verb","76-test-trial-event-9","2021-04-09",1890,2021-08-09 20:10:19,8.014,2021-08-09 20:14:58,2021-08-09 20:15:06,279032.999992371,287036.000013351,"smick_noun","right","smick_verb","left","smick"
"258","42281","8b301161-79ce-4a90-867a-6a73fce471e3","m",10,"verb","83-test-trial-event-10","2021-04-09",1890,2021-08-09 20:10:19,8.012,2021-08-09 20:15:28,2021-08-09 20:15:36,308267.999887466,316269.000053406,"vash_noun","right","vash_verb","left","vash"
"259","42281","8b301161-79ce-4a90-867a-6a73fce471e3","m",11,"verb","91-test-trial-event-11","2021-04-09",1890,2021-08-09 20:10:19,8.018,2021-08-09 20:16:02,2021-08-09 20:16:10,343152.99987793,351155.999898911,"nup_noun","right","nup_verb","left","nup"
"260","42281","8b301161-79ce-4a90-867a-6a73fce471e3","m",12,"verb","98-test-trial-event-12","2021-04-09",1890,2021-08-09 20:10:19,8.016,2021-08-09 20:16:32,2021-08-09 20:16:40,372214.999914169,380217.000007629,"dax_noun","right","dax_verb","left","dax"
"261","42333","293ea0cc-a7ac-4a6e-9d0c-01bf38ec7286","m",9,"baseline","76-test-trial-event-9","2021-04-10",2070,2021-08-10 11:39:49,8.013,2021-08-10 11:44:25,2021-08-10 11:44:33,275940.999984741,283941.999912262,"nup_noun","right","nup_verb","left","nup"
"262","42333","293ea0cc-a7ac-4a6e-9d0c-01bf38ec7286","m",10,"baseline","83-test-trial-event-10","2021-04-10",2070,2021-08-10 11:39:49,8.013,2021-08-10 11:44:54,2021-08-10 11:45:02,304608.999967575,312610.999822617,"smick_noun","left","smick_verb","right","smick"
"263","42333","293ea0cc-a7ac-4a6e-9d0c-01bf38ec7286","m",11,"baseline","91-test-trial-event-11","2021-04-10",2070,2021-08-10 11:39:49,8.012,2021-08-10 11:45:28,2021-08-10 11:45:36,339187.99996376,347188.999891281,"vash_noun","right","vash_verb","left","vash"
"264","42333","293ea0cc-a7ac-4a6e-9d0c-01bf38ec7286","m",12,"baseline","98-test-trial-event-12","2021-04-10",2070,2021-08-10 11:39:49,8.013,2021-08-10 11:45:57,2021-08-10 11:46:05,367809.000015259,375809.99994278,"dax_noun","right","dax_verb","left","dax"
"265","42337","5e52145d-968a-42e5-bedd-1de0d511d79c","m",9,"verb","76-test-trial-event-9","2021-04-10",2130,2021-08-10 12:30:59,8.021,2021-08-10 12:35:41,2021-08-10 12:35:49,281944.000005722,289948.999881744,"smick_noun","right","smick_verb","left","smick"
"266","42337","5e52145d-968a-42e5-bedd-1de0d511d79c","m",10,"verb","83-test-trial-event-10","2021-04-10",2130,2021-08-10 12:30:59,8.022,2021-08-10 12:36:11,2021-08-10 12:36:19,312111.999988556,320115.999937057,"dax_noun","left","dax_verb","right","dax"
"267","42337","5e52145d-968a-42e5-bedd-1de0d511d79c","m",11,"verb","91-test-trial-event-11","2021-04-10",2130,2021-08-10 12:30:59,8.014,2021-08-10 12:36:46,2021-08-10 12:36:54,347546.999931335,355549.000024796,"nup_noun","right","nup_verb","left","nup"
"268","42337","5e52145d-968a-42e5-bedd-1de0d511d79c","m",12,"verb","98-test-trial-event-12","2021-04-10",2130,2021-08-10 12:30:59,8.03,2021-08-10 12:37:16,2021-08-10 12:37:24,376832.999944687,384840.99984169,"vash_noun","right","vash_verb","left","vash"
"269","42341","11bcfdae-9b0c-43a9-bd6b-4386d3be45a7","f",9,"verb","76-test-trial-event-9","2021-04-10",1380,2021-08-10 13:08:40,8.021,2021-08-10 13:13:20,2021-08-10 13:13:28,280101.999998093,288106.999874115,"nup_noun","right","nup_verb","left","nup"
"270","42341","11bcfdae-9b0c-43a9-bd6b-4386d3be45a7","f",10,"verb","83-test-trial-event-10","2021-04-10",1380,2021-08-10 13:08:40,8.032,2021-08-10 13:13:49,2021-08-10 13:13:57,309092.000007629,317096.999883652,"dax_noun","left","dax_verb","right","dax"
"271","42341","11bcfdae-9b0c-43a9-bd6b-4386d3be45a7","f",11,"verb","91-test-trial-event-11","2021-04-10",1380,2021-08-10 13:08:40,8.017,2021-08-10 13:14:24,2021-08-10 13:14:32,344151.999950409,352154.99997139,"vash_noun","left","vash_verb","right","vash"
"272","42341","11bcfdae-9b0c-43a9-bd6b-4386d3be45a7","f",12,"verb","98-test-trial-event-12","2021-04-10",1380,2021-08-10 13:08:40,8.015,2021-08-10 13:14:55,2021-08-10 13:15:03,375742.000102997,383746.999979019,"smick_noun","left","smick_verb","right","smick"
"273","42395","b0307bc0-dba6-437b-a99a-4eff9b560dd3","m",9,"baseline","76-test-trial-event-9","2021-04-10",1140,2021-08-10 22:51:28,8.026,2021-08-10 22:56:08,2021-08-10 22:56:16,280012.999773026,288018.999814987,"smick_noun","right","smick_verb","left","smick"
"274","42395","b0307bc0-dba6-437b-a99a-4eff9b560dd3","m",10,"baseline","83-test-trial-event-10","2021-04-10",1140,2021-08-10 22:51:28,8.029,2021-08-10 22:56:37,2021-08-10 22:56:45,309293.999910355,317301.999807358,"dax_noun","right","dax_verb","left","dax"
"275","42395","b0307bc0-dba6-437b-a99a-4eff9b560dd3","m",11,"baseline","91-test-trial-event-11","2021-04-10",1140,2021-08-10 22:51:28,8.02,2021-08-10 22:57:13,2021-08-10 22:57:21,344936.999797821,352938.999891281,"vash_noun","right","vash_verb","left","vash"
"276","42395","b0307bc0-dba6-437b-a99a-4eff9b560dd3","m",12,"baseline","98-test-trial-event-12","2021-04-10",1140,2021-08-10 22:51:28,8.03,2021-08-10 22:57:42,2021-08-10 22:57:50,374360.999822617,382363.999843597,"nup_noun","left","nup_verb","right","nup"
"277","42428","f3f6bf1d-27ac-4ce2-87ba-35967b6a68e3","f",9,"verb","76-test-trial-event-9","2021-04-11",1110,2021-08-11 11:58:07,8.028,2021-08-11 12:02:52,2021-08-11 12:03:00,284664.999961853,292668.999910355,"smick_noun","left","smick_verb","right","smick"
"278","42428","f3f6bf1d-27ac-4ce2-87ba-35967b6a68e3","f",10,"verb","83-test-trial-event-10","2021-04-11",1110,2021-08-11 11:58:07,8.038,2021-08-11 12:03:21,2021-08-11 12:03:29,314322.000026703,322325.000047684,"dax_noun","left","dax_verb","right","dax"
"279","42428","f3f6bf1d-27ac-4ce2-87ba-35967b6a68e3","f",11,"verb","91-test-trial-event-11","2021-04-11",1110,2021-08-11 11:58:07,8.024,2021-08-11 12:03:57,2021-08-11 12:04:05,350154.99997139,358157.999992371,"vash_noun","left","vash_verb","right","vash"
"280","42428","f3f6bf1d-27ac-4ce2-87ba-35967b6a68e3","f",12,"verb","98-test-trial-event-12","2021-04-11",1110,2021-08-11 11:58:07,8.028,2021-08-11 12:04:26,2021-08-11 12:04:34,379539.000034332,387543.999910355,"nup_noun","left","nup_verb","right","nup"
"281","42435","daf56915-5514-4931-ba0b-4a7ecc836cf7","m",9,"baseline","76-test-trial-event-9","2021-04-11",1950,2021-08-11 12:35:58,8.03,2021-08-11 12:40:41,2021-08-11 12:40:49,283358.000040054,291361.000061035,"dax_noun","left","dax_verb","right","dax"
"282","42435","daf56915-5514-4931-ba0b-4a7ecc836cf7","m",10,"baseline","83-test-trial-event-10","2021-04-11",1950,2021-08-11 12:35:58,8.045,2021-08-11 12:41:10,2021-08-11 12:41:18,312807.999849319,320809.99994278,"nup_noun","left","nup_verb","right","nup"
"283","42435","daf56915-5514-4931-ba0b-4a7ecc836cf7","m",11,"baseline","91-test-trial-event-11","2021-04-11",1950,2021-08-11 12:35:58,8.025,2021-08-11 12:41:46,2021-08-11 12:41:54,348563.999891281,356566.999912262,"vash_noun","left","vash_verb","right","vash"
"284","42435","daf56915-5514-4931-ba0b-4a7ecc836cf7","m",12,"baseline","98-test-trial-event-12","2021-04-11",1950,2021-08-11 12:35:58,8.033,2021-08-11 12:42:16,2021-08-11 12:42:24,378103.999853134,386108.999967575,"smick_noun","left","smick_verb","right","smick"
"285","42445","fcbb616e-355f-4b90-978c-a444a2380eed","m",9,"verb","76-test-trial-event-9","2021-04-11",1590,2021-08-11 14:11:06,8.004,2021-08-11 14:15:40,2021-08-11 14:15:48,273068.000078201,281069.000005722,"vash_noun","left","vash_verb","right","vash"
"286","42445","fcbb616e-355f-4b90-978c-a444a2380eed","m",10,"verb","83-test-trial-event-10","2021-04-11",1590,2021-08-11 14:11:06,8.005,2021-08-11 14:16:08,2021-08-11 14:16:16,301571.000099182,309572.000026703,"nup_noun","right","nup_verb","left","nup"
"287","42445","fcbb616e-355f-4b90-978c-a444a2380eed","m",11,"verb","91-test-trial-event-11","2021-04-11",1590,2021-08-11 14:11:06,8.005,2021-08-11 14:16:42,2021-08-11 14:16:50,335882.999897003,343884.000062943,"dax_noun","right","dax_verb","left","dax"
"288","42445","fcbb616e-355f-4b90-978c-a444a2380eed","m",12,"verb","98-test-trial-event-12","2021-04-11",1590,2021-08-11 14:11:06,8.004,2021-08-11 14:17:11,2021-08-11 14:17:19,364298.000097275,372299.000024796,"smick_noun","right","smick_verb","left","smick"
"289","42446","a17864f3-7abb-46ed-8085-cba3148b1c1a","f",9,"verb","76-test-trial-event-9","2021-04-11",1800,2021-08-11 14:52:20,8.019,2021-08-11 14:56:58,2021-08-11 14:57:06,277930.999994278,285931.999921799,"vash_noun","right","vash_verb","left","vash"
"290","42446","a17864f3-7abb-46ed-8085-cba3148b1c1a","f",10,"verb","83-test-trial-event-10","2021-04-11",1800,2021-08-11 14:52:20,8.019,2021-08-11 14:57:27,2021-08-11 14:57:35,307006.000041962,315009.999990463,"nup_noun","right","nup_verb","left","nup"
"291","42446","a17864f3-7abb-46ed-8085-cba3148b1c1a","f",11,"verb","91-test-trial-event-11","2021-04-11",1800,2021-08-11 14:52:20,8.014,2021-08-11 14:58:02,2021-08-11 14:58:10,342051.000118256,350052.999973297,"dax_noun","left","dax_verb","right","dax"
"292","42446","a17864f3-7abb-46ed-8085-cba3148b1c1a","f",12,"verb","98-test-trial-event-12","2021-04-11",1800,2021-08-11 14:52:20,8.023,2021-08-11 14:58:30,2021-08-11 14:58:38,370847.00012207,378852.999925613,"smick_noun","left","smick_verb","right","smick"
"293","42447","d80574fc-a0e7-4e7e-979a-f301b701163e","f",9,"verb","76-test-trial-event-9","2021-04-11",1800,2021-08-11 14:51:16,8.01,2021-08-11 14:55:50,2021-08-11 14:55:58,274020.999908447,282023.000001907,"vash_noun","left","vash_verb","right","vash"
"294","42447","d80574fc-a0e7-4e7e-979a-f301b701163e","f",10,"verb","83-test-trial-event-10","2021-04-11",1800,2021-08-11 14:51:16,8.008,2021-08-11 14:56:19,2021-08-11 14:56:27,302710.000038147,310710.999965668,"nup_noun","right","nup_verb","left","nup"
"295","42447","d80574fc-a0e7-4e7e-979a-f301b701163e","f",11,"verb","91-test-trial-event-11","2021-04-11",1800,2021-08-11 14:51:16,8.011,2021-08-11 14:56:54,2021-08-11 14:57:02,337220.999956131,345221.999883652,"smick_noun","right","smick_verb","left","smick"
"296","42447","d80574fc-a0e7-4e7e-979a-f301b701163e","f",12,"verb","98-test-trial-event-12","2021-04-11",1800,2021-08-11 14:51:16,8.012,2021-08-11 14:57:22,2021-08-11 14:57:30,365730.999946594,373731.999874115,"dax_noun","left","dax_verb","right","dax"
"297","42448","86fb34b8-011a-485d-88b2-6fdcd4ccf987","m",9,"verb","76-test-trial-event-9","2021-04-11",1380,2021-08-11 14:56:58,8.049,2021-08-11 15:01:34,2021-08-11 15:01:42,276692.000150681,284694.000005722,"vash_noun","left","vash_verb","right","vash"
"298","42448","86fb34b8-011a-485d-88b2-6fdcd4ccf987","m",10,"verb","83-test-trial-event-10","2021-04-11",1380,2021-08-11 14:56:58,8.015,2021-08-11 15:02:03,2021-08-11 15:02:11,305618.000030518,313620.000123978,"nup_noun","right","nup_verb","left","nup"
"299","42448","86fb34b8-011a-485d-88b2-6fdcd4ccf987","m",11,"verb","91-test-trial-event-11","2021-04-11",1380,2021-08-11 14:56:58,8.017,2021-08-11 15:02:38,2021-08-11 15:02:46,340254.00018692,348255.000114441,"dax_noun","right","dax_verb","left","dax"
"300","42448","86fb34b8-011a-485d-88b2-6fdcd4ccf987","m",12,"verb","98-test-trial-event-12","2021-04-11",1380,2021-08-11 14:56:58,8.013,2021-08-11 15:03:07,2021-08-11 15:03:15,368962.000131607,376963.000059128,"smick_noun","left","smick_verb","right","smick"
"301","42450","db3ccdbe-6519-44c3-96dd-71e8f39710fc","m",9,"baseline","76-test-trial-event-9","2021-04-11",1800,2021-08-11 15:05:04,8.012,2021-08-11 15:09:38,2021-08-11 15:09:46,274023.000001907,282023.999929428,"nup_noun","right","nup_verb","left","nup"
"302","42450","db3ccdbe-6519-44c3-96dd-71e8f39710fc","m",10,"baseline","83-test-trial-event-10","2021-04-11",1800,2021-08-11 15:05:04,8.008,2021-08-11 15:10:07,2021-08-11 15:10:15,302549.999952316,310550.999879837,"dax_noun","left","dax_verb","right","dax"
"303","42450","db3ccdbe-6519-44c3-96dd-71e8f39710fc","m",11,"baseline","91-test-trial-event-11","2021-04-11",1800,2021-08-11 15:05:04,8.009,2021-08-11 15:10:42,2021-08-11 15:10:50,338016.999959946,346017.999887466,"smick_noun","right","smick_verb","left","smick"
"304","42450","db3ccdbe-6519-44c3-96dd-71e8f39710fc","m",12,"baseline","98-test-trial-event-12","2021-04-11",1800,2021-08-11 15:05:04,8.01,2021-08-11 15:11:11,2021-08-11 15:11:19,366618.000030518,374618.999958038,"vash_noun","left","vash_verb","right","vash"
"305","42455","3cd3767d-1af5-43fe-8af6-12c213af5431","m",9,"baseline","76-test-trial-event-9","2021-04-11",2040,2021-08-11 07:18:25,8.02,2021-08-11 07:23:24,2021-08-11 07:23:32,298414.000034332,306421.000003815,"vash_noun","left","vash_verb","right","vash"
"306","42455","3cd3767d-1af5-43fe-8af6-12c213af5431","m",10,"baseline","83-test-trial-event-10","2021-04-11",2040,2021-08-11 07:18:25,8.02,2021-08-11 07:23:55,2021-08-11 07:24:03,329088.000059128,337092.000007629,"nup_noun","left","nup_verb","right","nup"
"307","42455","3cd3767d-1af5-43fe-8af6-12c213af5431","m",11,"baseline","91-test-trial-event-11","2021-04-11",2040,2021-08-11 07:18:25,8.033,2021-08-11 07:24:35,2021-08-11 07:24:43,369344.000101089,377348.999977112,"dax_noun","right","dax_verb","left","dax"
"308","42455","3cd3767d-1af5-43fe-8af6-12c213af5431","m",12,"baseline","98-test-trial-event-12","2021-04-11",2040,2021-08-11 07:18:25,8.034,2021-08-11 07:25:06,2021-08-11 07:25:14,400153.000116348,408161.000013351,"smick_noun","left","smick_verb","right","smick"
"309","42460","cd18ed89-aad7-4042-a86f-bb9dbdb184c4","f",9,"baseline","76-test-trial-event-9","2021-04-11",1830,2021-08-11 18:03:49,8.02,2021-08-11 18:08:25,2021-08-11 18:08:33,276684.000015259,284685.9998703,"vash_noun","left","vash_verb","right","vash"
"310","42460","cd18ed89-aad7-4042-a86f-bb9dbdb184c4","f",10,"baseline","83-test-trial-event-10","2021-04-11",1830,2021-08-11 18:03:49,8.02,2021-08-11 18:08:54,2021-08-11 18:09:02,305680.999994278,313681.999921799,"nup_noun","left","nup_verb","right","nup"
"311","42460","cd18ed89-aad7-4042-a86f-bb9dbdb184c4","f",11,"baseline","91-test-trial-event-11","2021-04-11",1830,2021-08-11 18:03:49,8.019,2021-08-11 18:09:29,2021-08-11 18:09:37,340690.999984741,348692.999839783,"smick_noun","right","smick_verb","left","smick"
"312","42460","cd18ed89-aad7-4042-a86f-bb9dbdb184c4","f",12,"baseline","98-test-trial-event-12","2021-04-11",1830,2021-08-11 18:03:49,8.014,2021-08-11 18:09:58,2021-08-11 18:10:06,369495.99981308,377496.999979019,"dax_noun","right","dax_verb","left","dax"
"313","42473","483eb34a-46c3-49df-9c52-83686ad8d0e8","f",9,"verb","76-test-trial-event-9","2021-04-11",2070,2021-08-11 19:52:16,8.017,2021-08-11 19:56:53,2021-08-11 19:57:01,276523.999929428,284526.999950409,"vash_noun","right","vash_verb","left","vash"
"314","42473","483eb34a-46c3-49df-9c52-83686ad8d0e8","f",10,"verb","83-test-trial-event-10","2021-04-11",2070,2021-08-11 19:52:16,8.025,2021-08-11 19:57:21,2021-08-11 19:57:29,305391.000032425,313394.000053406,"dax_noun","left","dax_verb","right","dax"
"315","42473","483eb34a-46c3-49df-9c52-83686ad8d0e8","f",11,"verb","91-test-trial-event-11","2021-04-11",2070,2021-08-11 19:52:16,8.066,2021-08-11 19:57:56,2021-08-11 19:58:04,340210.999965668,348211.999893188,"smick_noun","left","smick_verb","right","smick"
"316","42473","483eb34a-46c3-49df-9c52-83686ad8d0e8","f",12,"verb","98-test-trial-event-12","2021-04-11",2070,2021-08-11 19:52:16,8.013,2021-08-11 19:58:25,2021-08-11 19:58:33,368911.999940872,376914.999961853,"nup_noun","right","nup_verb","left","nup"
"317","42490","0931b78d-3b28-43ad-9981-86b40784cbff","f",9,"baseline","76-test-trial-event-9","2021-04-11",1770,2021-08-11 23:06:58,8.01,2021-08-11 23:11:33,2021-08-11 23:11:41,274851.999998093,282852.999925613,"vash_noun","right","vash_verb","left","vash"
"318","42490","0931b78d-3b28-43ad-9981-86b40784cbff","f",10,"baseline","83-test-trial-event-10","2021-04-11",1770,2021-08-11 23:06:58,8.007,2021-08-11 23:12:01,2021-08-11 23:12:09,303516.999959946,311517.999887466,"dax_noun","right","dax_verb","left","dax"
"319","42490","0931b78d-3b28-43ad-9981-86b40784cbff","f",11,"baseline","91-test-trial-event-11","2021-04-11",1770,2021-08-11 23:06:58,8.008,2021-08-11 23:12:36,2021-08-11 23:12:44,338340.99984169,346342.99993515,"smick_noun","right","smick_verb","left","smick"
"320","42490","0931b78d-3b28-43ad-9981-86b40784cbff","f",12,"baseline","98-test-trial-event-12","2021-04-11",1770,2021-08-11 23:06:58,8.008,2021-08-11 23:13:05,2021-08-11 23:13:13,366866.999864578,374868.000030518,"nup_noun","left","nup_verb","right","nup"
"321","42508","af909bc0-3f73-40af-a90f-7973c1fe335f","m",9,"verb","76-test-trial-event-9","2021-04-12",1110,2021-08-12 13:00:10,8.014,2021-08-12 13:04:45,2021-08-12 13:04:53,275678.999900818,283684.000015259,"dax_noun","left","dax_verb","right","dax"
"322","42508","af909bc0-3f73-40af-a90f-7973c1fe335f","m",10,"verb","83-test-trial-event-10","2021-04-12",1110,2021-08-12 13:00:10,8.022,2021-08-12 13:05:14,2021-08-12 13:05:22,304369.999885559,312371.000051498,"smick_noun","right","smick_verb","left","smick"
"323","42508","af909bc0-3f73-40af-a90f-7973c1fe335f","m",11,"verb","91-test-trial-event-11","2021-04-12",1110,2021-08-12 13:00:10,8.012,2021-08-12 13:05:49,2021-08-12 13:05:57,338881.999969482,346884.999990463,"nup_noun","left","nup_verb","right","nup"
"324","42508","af909bc0-3f73-40af-a90f-7973c1fe335f","m",12,"verb","98-test-trial-event-12","2021-04-12",1110,2021-08-12 13:00:10,8.009,2021-08-12 13:06:17,2021-08-12 13:06:25,367490.000009537,375491.999864578,"vash_noun","right","vash_verb","left","vash"
"325","42626","2ad22ab9-ebb8-4d59-98fc-efead0cc8579","f",9,"baseline","76-test-trial-event-9","2021-04-12",1590,2021-08-12 23:57:41,8.01,2021-08-13 00:02:17,2021-08-13 00:02:25,276108.999967575,284109.999895096,"nup_noun","left","nup_verb","right","nup"
"326","42626","2ad22ab9-ebb8-4d59-98fc-efead0cc8579","f",10,"baseline","83-test-trial-event-10","2021-04-12",1590,2021-08-12 23:57:41,8.012,2021-08-13 00:02:45,2021-08-13 00:02:53,304796.000003815,312796.999931335,"smick_noun","left","smick_verb","right","smick"
"327","42626","2ad22ab9-ebb8-4d59-98fc-efead0cc8579","f",11,"baseline","91-test-trial-event-11","2021-04-12",1590,2021-08-12 23:57:41,8.011,2021-08-13 00:03:20,2021-08-13 00:03:28,339546.999931335,347547.999858856,"vash_noun","left","vash_verb","right","vash"
"328","42626","2ad22ab9-ebb8-4d59-98fc-efead0cc8579","f",12,"baseline","98-test-trial-event-12","2021-04-12",1590,2021-08-12 23:57:41,8.01,2021-08-13 00:03:49,2021-08-13 00:03:57,368213.999986649,376214.999914169,"dax_noun","right","dax_verb","left","dax"
"329","42706","fef66e0f-e517-4636-950e-3042553a0d66","f",9,"baseline","76-test-trial-event-9","2021-04-13",1380,2021-08-13 19:58:14,8.005,2021-08-13 20:03:02,2021-08-13 20:03:10,287484.000205994,295485.000133514,"vash_noun","right","vash_verb","left","vash"
"330","42706","fef66e0f-e517-4636-950e-3042553a0d66","f",10,"baseline","83-test-trial-event-10","2021-04-13",1380,2021-08-13 19:58:14,8.005,2021-08-13 20:03:32,2021-08-13 20:03:40,318006.000041962,326007.000207901,"nup_noun","right","nup_verb","left","nup"
"331","42706","fef66e0f-e517-4636-950e-3042553a0d66","f",11,"baseline","91-test-trial-event-11","2021-04-13",1380,2021-08-13 19:58:14,8.005,2021-08-13 20:04:10,2021-08-13 20:04:18,355394.999980927,363397.000074387,"dax_noun","right","dax_verb","left","dax"
"332","42706","fef66e0f-e517-4636-950e-3042553a0d66","f",12,"baseline","98-test-trial-event-12","2021-04-13",1380,2021-08-13 19:58:14,8.005,2021-08-13 20:04:39,2021-08-13 20:04:47,385182.000160217,393183.000087738,"smick_noun","right","smick_verb","left","smick"
"333","42800","fa044145-4c35-4a26-9296-eebe2b220aa9","m",9,"baseline","76-test-trial-event-9","2021-04-14",2160,2021-08-14 20:26:54,8.034,2021-08-14 20:31:38,2021-08-14 20:31:46,283832.999944687,291840.99984169,"nup_noun","left","nup_verb","right","nup"
"334","42800","fa044145-4c35-4a26-9296-eebe2b220aa9","m",10,"baseline","83-test-trial-event-10","2021-04-14",2160,2021-08-14 20:26:54,8.026,2021-08-14 20:32:07,2021-08-14 20:32:15,313157.999992371,321162.999868393,"smick_noun","left","smick_verb","right","smick"
"335","42800","fa044145-4c35-4a26-9296-eebe2b220aa9","m",11,"baseline","91-test-trial-event-11","2021-04-14",2160,2021-08-14 20:26:54,8.023,2021-08-14 20:32:42,2021-08-14 20:32:50,348549.999952316,356553.999900818,"vash_noun","left","vash_verb","right","vash"
"336","42800","fa044145-4c35-4a26-9296-eebe2b220aa9","m",12,"baseline","98-test-trial-event-12","2021-04-14",2160,2021-08-14 20:26:54,8.031,2021-08-14 20:33:12,2021-08-14 20:33:20,377921.000003815,385925.999879837,"dax_noun","right","dax_verb","left","dax"
"337","42821","e66eaa6a-af71-4fcf-8553-6eeacf2dfb11","f",9,"verb","76-test-trial-event-9","2021-04-14",1830,2021-08-14 21:36:30,8.016,2021-08-14 21:41:07,2021-08-14 21:41:16,277309.99994278,285312.00003624,"vash_noun","left","vash_verb","right","vash"
"338","42821","e66eaa6a-af71-4fcf-8553-6eeacf2dfb11","f",10,"verb","83-test-trial-event-10","2021-04-14",1830,2021-08-14 21:36:30,8.013,2021-08-14 21:41:36,2021-08-14 21:41:44,306258.000135422,314259.999990463,"nup_noun","left","nup_verb","right","nup"
"339","42821","e66eaa6a-af71-4fcf-8553-6eeacf2dfb11","f",11,"verb","91-test-trial-event-11","2021-04-14",1830,2021-08-14 21:36:30,8.015,2021-08-14 21:42:11,2021-08-14 21:42:19,341230.000019073,349230.999946594,"smick_noun","right","smick_verb","left","smick"
"340","42821","e66eaa6a-af71-4fcf-8553-6eeacf2dfb11","f",12,"verb","98-test-trial-event-12","2021-04-14",1830,2021-08-14 21:36:30,8.012,2021-08-14 21:42:40,2021-08-14 21:42:48,370275.000095367,378276.999950409,"dax_noun","right","dax_verb","left","dax"
"341","42835","8b1c8e8b-4941-4d38-a19d-06bcb6a80a6a","f",9,"verb","76-test-trial-event-9","2021-04-15",2040,2021-08-15 00:28:53,8.039,2021-08-15 00:33:38,2021-08-15 00:33:46,285536.999940872,293546.999931335,"dax_noun","left","dax_verb","right","dax"
"342","42835","8b1c8e8b-4941-4d38-a19d-06bcb6a80a6a","f",10,"verb","83-test-trial-event-10","2021-04-15",2040,2021-08-15 00:28:53,8.039,2021-08-15 00:34:08,2021-08-15 00:34:16,315457.000017166,323460.000038147,"smick_noun","right","smick_verb","left","smick"
"343","42835","8b1c8e8b-4941-4d38-a19d-06bcb6a80a6a","f",11,"verb","91-test-trial-event-11","2021-04-15",2040,2021-08-15 00:28:53,8.018,2021-08-15 00:34:44,2021-08-15 00:34:52,351271.000146866,359273.999929428,"nup_noun","right","nup_verb","left","nup"
"344","42835","8b1c8e8b-4941-4d38-a19d-06bcb6a80a6a","f",12,"verb","98-test-trial-event-12","2021-04-15",2040,2021-08-15 00:28:53,8.032,2021-08-15 00:35:14,2021-08-15 00:35:22,381103.000164032,389108.000040054,"vash_noun","right","vash_verb","left","vash"
